Warning: Ignoring extra certs from `/Users/etchee/code/MyriadRootCA.pem`, load failed: error:80000002:system library::No such file or directory
Teacher W32 D5, eps 0.05, garbage 0.2/piece, 3000 games × ≤300 pieces on 8 workers → ../training/data/runs/teacher-v2b
game 3004: 102 pieces, 43 lines, attack 32, died (139 ms/piece) — 1/3000 games, 7.2 positions/s overall
game 3007: 107 pieces, 53 lines, attack 34, died (134 ms/piece) — 2/3000 games, 14.6 positions/s overall
game 3008: 128 pieces, 58 lines, attack 41, died (119 ms/piece) — 3/3000 games, 11.4 positions/s overall
game 3005: 248 pieces, 129 lines, attack 107, died (122 ms/piece) — 4/3000 games, 19.3 positions/s overall
game 3002: 300 pieces, 150 lines, attack 108 (121 ms/piece) — 5/3000 games, 24.4 positions/s overall
game 3003: 300 pieces, 155 lines, attack 112 (128 ms/piece) — 6/3000 games, 30.9 positions/s overall
game 3006: 300 pieces, 160 lines, attack 151 (133 ms/piece) — 7/3000 games, 37.2 positions/s overall
game 3010: 88 pieces, 42 lines, attack 29, died (120 ms/piece) — 8/3000 games, 39.3 positions/s overall
game 3001: 300 pieces, 151 lines, attack 123 (142 ms/piece) — 9/3000 games, 43.9 positions/s overall
game 3000: 300 pieces, 143 lines, attack 124 (149 ms/piece) — 10/3000 games, 48.6 positions/s overall
game 3014: 106 pieces, 55 lines, attack 42, died (124 ms/piece) — 11/3000 games, 42.9 positions/s overall
game 3009: 300 pieces, 138 lines, attack 128 (143 ms/piece) — 12/3000 games, 45.0 positions/s overall
game 3011: 300 pieces, 134 lines, attack 127 (131 ms/piece) — 13/3000 games, 41.4 positions/s overall
game 3012: 300 pieces, 149 lines, attack 116 (122 ms/piece) — 14/3000 games, 43.6 positions/s overall
game 3015: 300 pieces, 157 lines, attack 117 (136 ms/piece) — 15/3000 games, 43.1 positions/s overall
game 3013: 300 pieces, 144 lines, attack 147 (147 ms/piece) — 16/3000 games, 45.7 positions/s overall
game 3016: 300 pieces, 163 lines, attack 128 (136 ms/piece) — 17/3000 games, 48.9 positions/s overall
game 3017: 300 pieces, 156 lines, attack 135 (138 ms/piece) — 18/3000 games, 50.9 positions/s overall
game 3018: 300 pieces, 159 lines, attack 127 (133 ms/piece) — 19/3000 games, 50.4 positions/s overall
game 3019: 300 pieces, 142 lines, attack 124 (141 ms/piece) — 20/3000 games, 50.0 positions/s overall
game 3020: 300 pieces, 155 lines, attack 135 (118 ms/piece) — 21/3000 games, 50.4 positions/s overall
game 3021: 300 pieces, 146 lines, attack 126 (126 ms/piece) — 22/3000 games, 50.4 positions/s overall
game 3022: 300 pieces, 155 lines, attack 122 (125 ms/piece) — 23/3000 games, 49.8 positions/s overall
game 3024: 300 pieces, 144 lines, attack 103 (117 ms/piece) — 24/3000 games, 52.2 positions/s overall
game 3023: 300 pieces, 147 lines, attack 130 (146 ms/piece) — 25/3000 games, 51.3 positions/s overall
game 3025: 300 pieces, 155 lines, attack 158 (141 ms/piece) — 26/3000 games, 52.8 positions/s overall
game 3033: 38 pieces, 7 lines, attack 6, died (115 ms/piece) — 27/3000 games, 51.4 positions/s overall
game 3026: 300 pieces, 158 lines, attack 146 (145 ms/piece) — 28/3000 games, 52.2 positions/s overall
game 3027: 300 pieces, 159 lines, attack 121 (137 ms/piece) — 29/3000 games, 52.7 positions/s overall
game 3028: 279 pieces, 139 lines, attack 106, died (146 ms/piece) — 30/3000 games, 52.8 positions/s overall
game 3029: 300 pieces, 157 lines, attack 139 (127 ms/piece) — 31/3000 games, 53.7 positions/s overall
game 3031: 300 pieces, 157 lines, attack 126 (139 ms/piece) — 32/3000 games, 51.8 positions/s overall
game 3030: 300 pieces, 155 lines, attack 140 (144 ms/piece) — 33/3000 games, 53.3 positions/s overall
game 3032: 300 pieces, 168 lines, attack 144 (147 ms/piece) — 34/3000 games, 52.2 positions/s overall
game 3035: 245 pieces, 126 lines, attack 94, died (139 ms/piece) — 35/3000 games, 53.6 positions/s overall
game 3034: 300 pieces, 157 lines, attack 126 (146 ms/piece) — 36/3000 games, 53.5 positions/s overall
game 3036: 300 pieces, 165 lines, attack 135 (141 ms/piece) — 37/3000 games, 53.2 positions/s overall
game 3037: 300 pieces, 148 lines, attack 113 (130 ms/piece) — 38/3000 games, 54.3 positions/s overall
game 3038: 300 pieces, 148 lines, attack 122 (125 ms/piece) — 39/3000 games, 55.5 positions/s overall
game 3039: 300 pieces, 146 lines, attack 118 (130 ms/piece) — 40/3000 games, 53.5 positions/s overall
game 3040: 300 pieces, 152 lines, attack 117 (128 ms/piece) — 41/3000 games, 54.8 positions/s overall
game 3047: 95 pieces, 34 lines, attack 33, died (121 ms/piece) — 42/3000 games, 52.4 positions/s overall
game 3042: 300 pieces, 149 lines, attack 115 (140 ms/piece) — 43/3000 games, 53.3 positions/s overall
game 3041: 300 pieces, 144 lines, attack 111 (146 ms/piece) — 44/3000 games, 54.3 positions/s overall
game 3043: 300 pieces, 156 lines, attack 147 (143 ms/piece) — 45/3000 games, 54.4 positions/s overall
game 3048: 182 pieces, 91 lines, attack 67, died (122 ms/piece) — 46/3000 games, 54.6 positions/s overall
game 3046: 300 pieces, 147 lines, attack 122 (126 ms/piece) — 47/3000 games, 55.4 positions/s overall
game 3044: 300 pieces, 141 lines, attack 107 (142 ms/piece) — 48/3000 games, 56.4 positions/s overall
game 3045: 300 pieces, 163 lines, attack 128 (136 ms/piece) — 49/3000 games, 57.7 positions/s overall
game 3052: 207 pieces, 94 lines, attack 71, died (134 ms/piece) — 50/3000 games, 53.5 positions/s overall
game 3050: 300 pieces, 168 lines, attack 124 (142 ms/piece) — 51/3000 games, 53.0 positions/s overall
game 3057: 70 pieces, 34 lines, attack 14, died (115 ms/piece) — 52/3000 games, 53.3 positions/s overall
game 3049: 300 pieces, 135 lines, attack 112 (155 ms/piece) — 53/3000 games, 54.1 positions/s overall
game 3051: 300 pieces, 152 lines, attack 118 (143 ms/piece) — 54/3000 games, 55.2 positions/s overall
game 3054: 300 pieces, 146 lines, attack 126 (126 ms/piece) — 55/3000 games, 55.3 positions/s overall
game 3055: 300 pieces, 161 lines, attack 108 (140 ms/piece) — 56/3000 games, 55.3 positions/s overall
game 3053: 300 pieces, 152 lines, attack 149 (158 ms/piece) — 57/3000 games, 56.1 positions/s overall
game 3056: 300 pieces, 152 lines, attack 138 (159 ms/piece) — 58/3000 games, 56.3 positions/s overall
game 3061: 300 pieces, 153 lines, attack 108 (127 ms/piece) — 59/3000 games, 53.2 positions/s overall
game 3062: 300 pieces, 147 lines, attack 119 (114 ms/piece) — 60/3000 games, 54.0 positions/s overall
game 3058: 300 pieces, 154 lines, attack 118 (139 ms/piece) — 61/3000 games, 54.9 positions/s overall
game 3059: 300 pieces, 163 lines, attack 131 (143 ms/piece) — 62/3000 games, 55.6 positions/s overall
game 3060: 300 pieces, 157 lines, attack 137 (143 ms/piece) — 63/3000 games, 56.4 positions/s overall
game 3063: 300 pieces, 161 lines, attack 143 (142 ms/piece) — 64/3000 games, 55.5 positions/s overall
game 3064: 300 pieces, 155 lines, attack 136 (151 ms/piece) — 65/3000 games, 55.6 positions/s overall
game 3065: 300 pieces, 145 lines, attack 116 (141 ms/piece) — 66/3000 games, 56.4 positions/s overall
game 3066: 167 pieces, 79 lines, attack 56, died (129 ms/piece) — 67/3000 games, 56.7 positions/s overall
game 3067: 248 pieces, 122 lines, attack 82, died (121 ms/piece) — 68/3000 games, 55.8 positions/s overall
game 3068: 300 pieces, 151 lines, attack 111 (149 ms/piece) — 69/3000 games, 54.1 positions/s overall
game 3069: 300 pieces, 144 lines, attack 126 (153 ms/piece) — 70/3000 games, 54.7 positions/s overall
game 3070: 300 pieces, 146 lines, attack 96 (150 ms/piece) — 71/3000 games, 55.4 positions/s overall
game 3071: 300 pieces, 155 lines, attack 126 (143 ms/piece) — 72/3000 games, 55.0 positions/s overall
game 3072: 300 pieces, 161 lines, attack 144 (134 ms/piece) — 73/3000 games, 55.6 positions/s overall
game 3073: 300 pieces, 141 lines, attack 120 (143 ms/piece) — 74/3000 games, 55.8 positions/s overall
game 3074: 300 pieces, 151 lines, attack 119 (141 ms/piece) — 75/3000 games, 56.5 positions/s overall
game 3075: 300 pieces, 147 lines, attack 133 (130 ms/piece) — 76/3000 games, 56.4 positions/s overall
game 3081: 75 pieces, 27 lines, attack 23, died (132 ms/piece) — 77/3000 games, 56.2 positions/s overall
game 3078: 300 pieces, 152 lines, attack 127 (138 ms/piece) — 78/3000 games, 54.3 positions/s overall
game 3076: 300 pieces, 148 lines, attack 132 (149 ms/piece) — 79/3000 games, 55.1 positions/s overall
game 3077: 300 pieces, 154 lines, attack 140 (149 ms/piece) — 80/3000 games, 55.5 positions/s overall
game 3087: 25 pieces, 1 lines, attack 0, died (138 ms/piece) — 81/3000 games, 55.1 positions/s overall
game 3083: 219 pieces, 112 lines, attack 122, died (131 ms/piece) — 82/3000 games, 55.4 positions/s overall
game 3079: 300 pieces, 154 lines, attack 142 (148 ms/piece) — 83/3000 games, 55.7 positions/s overall
game 3080: 300 pieces, 152 lines, attack 125 (151 ms/piece) — 84/3000 games, 56.1 positions/s overall
game 3082: 300 pieces, 166 lines, attack 160 (139 ms/piece) — 85/3000 games, 56.7 positions/s overall
game 3084: 300 pieces, 165 lines, attack 129 (152 ms/piece) — 86/3000 games, 55.7 positions/s overall
game 3089: 300 pieces, 166 lines, attack 153 (123 ms/piece) — 87/3000 games, 54.1 positions/s overall
game 3085: 300 pieces, 160 lines, attack 143 (152 ms/piece) — 88/3000 games, 54.7 positions/s overall
game 3086: 300 pieces, 159 lines, attack 154 (154 ms/piece) — 89/3000 games, 55.3 positions/s overall
game 3094: 37 pieces, 14 lines, attack 8, died (110 ms/piece) — 90/3000 games, 55.1 positions/s overall
game 3088: 300 pieces, 143 lines, attack 109 (152 ms/piece) — 91/3000 games, 55.4 positions/s overall
game 3090: 300 pieces, 156 lines, attack 135 (144 ms/piece) — 92/3000 games, 55.8 positions/s overall
game 3091: 300 pieces, 159 lines, attack 114 (140 ms/piece) — 93/3000 games, 56.3 positions/s overall
game 3092: 300 pieces, 143 lines, attack 127 (153 ms/piece) — 94/3000 games, 56.3 positions/s overall
game 3093: 300 pieces, 143 lines, attack 119 (145 ms/piece) — 95/3000 games, 55.7 positions/s overall
game 3098: 211 pieces, 101 lines, attack 66, died (121 ms/piece) — 96/3000 games, 55.4 positions/s overall
game 3097: 300 pieces, 153 lines, attack 102 (109 ms/piece) — 97/3000 games, 55.5 positions/s overall
game 3095: 300 pieces, 154 lines, attack 110 (130 ms/piece) — 98/3000 games, 55.8 positions/s overall
game 3096: 300 pieces, 142 lines, attack 115 (130 ms/piece) — 99/3000 games, 56.3 positions/s overall
game 3104: 84 pieces, 27 lines, attack 20, died (97 ms/piece) — 100/3000 games, 56.0 positions/s overall
game 3105: 59 pieces, 26 lines, attack 15, died (121 ms/piece) — 101/3000 games, 55.9 positions/s overall
game 3103: 128 pieces, 56 lines, attack 42, died (131 ms/piece) — 102/3000 games, 55.9 positions/s overall
game 3099: 300 pieces, 157 lines, attack 126 (133 ms/piece) — 103/3000 games, 56.5 positions/s overall
game 3100: 300 pieces, 147 lines, attack 100, died (137 ms/piece) — 104/3000 games, 56.8 positions/s overall
game 3107: 101 pieces, 43 lines, attack 25, died (112 ms/piece) — 105/3000 games, 56.5 positions/s overall
game 3101: 300 pieces, 157 lines, attack 108 (138 ms/piece) — 106/3000 games, 57.0 positions/s overall
game 3113: 83 pieces, 38 lines, attack 23, died (121 ms/piece) — 107/3000 games, 56.0 positions/s overall
game 3102: 300 pieces, 140 lines, attack 118 (138 ms/piece) — 108/3000 games, 56.6 positions/s overall
game 3110: 154 pieces, 68 lines, attack 51, died (129 ms/piece) — 109/3000 games, 56.7 positions/s overall
game 3106: 300 pieces, 144 lines, attack 128 (143 ms/piece) — 110/3000 games, 55.7 positions/s overall
game 3109: 300 pieces, 148 lines, attack 118 (135 ms/piece) — 111/3000 games, 55.7 positions/s overall
game 3112: 300 pieces, 153 lines, attack 104 (115 ms/piece) — 112/3000 games, 56.1 positions/s overall
game 3108: 300 pieces, 148 lines, attack 144 (150 ms/piece) — 113/3000 games, 56.6 positions/s overall
game 3111: 300 pieces, 163 lines, attack 139 (136 ms/piece) — 114/3000 games, 57.0 positions/s overall
game 3114: 300 pieces, 152 lines, attack 123 (136 ms/piece) — 115/3000 games, 56.0 positions/s overall
game 3115: 300 pieces, 135 lines, attack 111 (136 ms/piece) — 116/3000 games, 56.5 positions/s overall
game 3116: 300 pieces, 160 lines, attack 118 (147 ms/piece) — 117/3000 games, 56.5 positions/s overall
game 3119: 300 pieces, 162 lines, attack 140 (122 ms/piece) — 118/3000 games, 55.7 positions/s overall
game 3117: 300 pieces, 139 lines, attack 114 (149 ms/piece) — 119/3000 games, 56.1 positions/s overall
game 3118: 300 pieces, 141 lines, attack 127 (141 ms/piece) — 120/3000 games, 56.3 positions/s overall
game 3121: 300 pieces, 155 lines, attack 112 (132 ms/piece) — 121/3000 games, 56.7 positions/s overall
game 3120: 300 pieces, 147 lines, attack 110 (139 ms/piece) — 122/3000 games, 57.2 positions/s overall
game 3124: 184 pieces, 76 lines, attack 61, died (136 ms/piece) — 123/3000 games, 57.0 positions/s overall
game 3122: 300 pieces, 162 lines, attack 126 (137 ms/piece) — 124/3000 games, 56.4 positions/s overall
game 3123: 300 pieces, 143 lines, attack 159 (138 ms/piece) — 125/3000 games, 56.9 positions/s overall
game 3131: 86 pieces, 48 lines, attack 37, died (115 ms/piece) — 126/3000 games, 56.1 positions/s overall
game 3125: 300 pieces, 146 lines, attack 115 (113 ms/piece) — 127/3000 games, 56.5 positions/s overall
game 3126: 300 pieces, 155 lines, attack 119 (134 ms/piece) — 128/3000 games, 56.3 positions/s overall
game 3129: 300 pieces, 160 lines, attack 130 (122 ms/piece) — 129/3000 games, 56.6 positions/s overall
game 3128: 300 pieces, 131 lines, attack 117 (135 ms/piece) — 130/3000 games, 56.9 positions/s overall
game 3127: 300 pieces, 146 lines, attack 114 (140 ms/piece) — 131/3000 games, 57.3 positions/s overall
game 3130: 300 pieces, 140 lines, attack 101 (137 ms/piece) — 132/3000 games, 57.2 positions/s overall
game 3132: 300 pieces, 161 lines, attack 130 (132 ms/piece) — 133/3000 games, 56.8 positions/s overall
game 3134: 300 pieces, 154 lines, attack 111 (113 ms/piece) — 134/3000 games, 56.8 positions/s overall
game 3133: 300 pieces, 158 lines, attack 133 (135 ms/piece) — 135/3000 games, 56.8 positions/s overall
game 3135: 300 pieces, 144 lines, attack 117 (139 ms/piece) — 136/3000 games, 56.4 positions/s overall
game 3137: 300 pieces, 168 lines, attack 134 (127 ms/piece) — 137/3000 games, 56.7 positions/s overall
game 3136: 300 pieces, 147 lines, attack 118 (140 ms/piece) — 138/3000 games, 57.1 positions/s overall
game 3138: 300 pieces, 154 lines, attack 126 (132 ms/piece) — 139/3000 games, 57.5 positions/s overall
game 3139: 300 pieces, 165 lines, attack 124 (129 ms/piece) — 140/3000 games, 57.5 positions/s overall
game 3141: 300 pieces, 151 lines, attack 122 (119 ms/piece) — 141/3000 games, 56.9 positions/s overall
game 3140: 300 pieces, 147 lines, attack 127 (138 ms/piece) — 142/3000 games, 57.3 positions/s overall
game 3142: 300 pieces, 150 lines, attack 109 (134 ms/piece) — 143/3000 games, 57.0 positions/s overall
game 3143: 300 pieces, 158 lines, attack 104 (128 ms/piece) — 144/3000 games, 56.7 positions/s overall
game 3144: 300 pieces, 146 lines, attack 126 (131 ms/piece) — 145/3000 games, 57.0 positions/s overall
game 3145: 300 pieces, 152 lines, attack 114 (129 ms/piece) — 146/3000 games, 57.4 positions/s overall
game 3146: 300 pieces, 151 lines, attack 131 (130 ms/piece) — 147/3000 games, 57.7 positions/s overall
game 3147: 300 pieces, 152 lines, attack 125 (137 ms/piece) — 148/3000 games, 57.6 positions/s overall
game 3150: 201 pieces, 97 lines, attack 76, died (117 ms/piece) — 149/3000 games, 57.5 positions/s overall
game 3152: 100 pieces, 41 lines, attack 23, died (139 ms/piece) — 150/3000 games, 57.6 positions/s overall
game 3148: 300 pieces, 154 lines, attack 108 (121 ms/piece) — 151/3000 games, 57.8 positions/s overall
game 3149: 300 pieces, 138 lines, attack 122 (152 ms/piece) — 152/3000 games, 57.4 positions/s overall
game 3151: 300 pieces, 156 lines, attack 138 (137 ms/piece) — 153/3000 games, 56.8 positions/s overall
game 3153: 300 pieces, 151 lines, attack 133 (144 ms/piece) — 154/3000 games, 56.9 positions/s overall
game 3154: 300 pieces, 142 lines, attack 98 (143 ms/piece) — 155/3000 games, 57.2 positions/s overall
game 3155: 300 pieces, 162 lines, attack 111 (144 ms/piece) — 156/3000 games, 57.1 positions/s overall
game 3158: 300 pieces, 147 lines, attack 122 (123 ms/piece) — 157/3000 games, 57.4 positions/s overall
game 3156: 300 pieces, 154 lines, attack 135 (151 ms/piece) — 158/3000 games, 57.4 positions/s overall
game 3164: 43 pieces, 13 lines, attack 6, died (125 ms/piece) — 159/3000 games, 57.4 positions/s overall
game 3157: 300 pieces, 159 lines, attack 143 (151 ms/piece) — 160/3000 games, 57.8 positions/s overall
game 3160: 156 pieces, 85 lines, attack 61, died (138 ms/piece) — 161/3000 games, 57.9 positions/s overall
game 3159: 300 pieces, 145 lines, attack 120 (147 ms/piece) — 162/3000 games, 57.5 positions/s overall
game 3169: 39 pieces, 12 lines, attack 7, died (128 ms/piece) — 163/3000 games, 57.2 positions/s overall
game 3166: 144 pieces, 71 lines, attack 66, died (118 ms/piece) — 164/3000 games, 57.4 positions/s overall
game 3171: 113 pieces, 46 lines, attack 26, died (104 ms/piece) — 165/3000 games, 56.6 positions/s overall
game 3162: 300 pieces, 155 lines, attack 134 (150 ms/piece) — 166/3000 games, 56.9 positions/s overall
game 3161: 300 pieces, 156 lines, attack 130 (152 ms/piece) — 167/3000 games, 57.3 positions/s overall
game 3163: 300 pieces, 156 lines, attack 95 (146 ms/piece) — 168/3000 games, 57.2 positions/s overall
game 3165: 300 pieces, 158 lines, attack 124 (155 ms/piece) — 169/3000 games, 56.9 positions/s overall
game 3167: 300 pieces, 151 lines, attack 120 (154 ms/piece) — 170/3000 games, 57.2 positions/s overall
game 3168: 300 pieces, 152 lines, attack 118 (157 ms/piece) — 171/3000 games, 57.4 positions/s overall
game 3170: 300 pieces, 142 lines, attack 112 (153 ms/piece) — 172/3000 games, 56.9 positions/s overall
game 3176: 167 pieces, 85 lines, attack 55, died (135 ms/piece) — 173/3000 games, 56.6 positions/s overall
game 3172: 300 pieces, 162 lines, attack 133 (140 ms/piece) — 174/3000 games, 56.9 positions/s overall
game 3178: 175 pieces, 79 lines, attack 48, died (129 ms/piece) — 175/3000 games, 57.0 positions/s overall
game 3174: 300 pieces, 147 lines, attack 128 (147 ms/piece) — 176/3000 games, 57.2 positions/s overall
game 3173: 300 pieces, 158 lines, attack 140 (152 ms/piece) — 177/3000 games, 57.4 positions/s overall
game 3175: 300 pieces, 153 lines, attack 103 (133 ms/piece) — 178/3000 games, 57.7 positions/s overall
game 3182: 118 pieces, 46 lines, attack 22, died (133 ms/piece) — 179/3000 games, 57.2 positions/s overall
game 3185: 95 pieces, 35 lines, attack 21, died (113 ms/piece) — 180/3000 games, 57.3 positions/s overall
game 3177: 300 pieces, 157 lines, attack 133 (144 ms/piece) — 181/3000 games, 57.5 positions/s overall
game 3187: 52 pieces, 22 lines, attack 8, died (112 ms/piece) — 182/3000 games, 57.3 positions/s overall
game 3179: 300 pieces, 149 lines, attack 102 (132 ms/piece) — 183/3000 games, 57.1 positions/s overall
game 3181: 300 pieces, 159 lines, attack 137 (120 ms/piece) — 184/3000 games, 57.1 positions/s overall
game 3180: 300 pieces, 157 lines, attack 137 (137 ms/piece) — 185/3000 games, 57.2 positions/s overall
game 3183: 300 pieces, 158 lines, attack 144 (140 ms/piece) — 186/3000 games, 57.1 positions/s overall
game 3184: 300 pieces, 153 lines, attack 122 (135 ms/piece) — 187/3000 games, 57.5 positions/s overall
game 3188: 258 pieces, 135 lines, attack 102, died (135 ms/piece) — 188/3000 games, 57.2 positions/s overall
game 3189: 300 pieces, 166 lines, attack 121 (117 ms/piece) — 189/3000 games, 57.3 positions/s overall
game 3186: 300 pieces, 151 lines, attack 130 (139 ms/piece) — 190/3000 games, 57.6 positions/s overall
game 3190: 246 pieces, 127 lines, attack 85, died (121 ms/piece) — 191/3000 games, 57.8 positions/s overall
game 3191: 300 pieces, 153 lines, attack 122 (121 ms/piece) — 192/3000 games, 57.4 positions/s overall
game 3193: 214 pieces, 96 lines, attack 87, died (123 ms/piece) — 193/3000 games, 57.6 positions/s overall
game 3192: 300 pieces, 140 lines, attack 107 (130 ms/piece) — 194/3000 games, 57.5 positions/s overall
game 3194: 300 pieces, 157 lines, attack 113 (125 ms/piece) — 195/3000 games, 57.5 positions/s overall
game 3195: 300 pieces, 151 lines, attack 112 (136 ms/piece) — 196/3000 games, 57.2 positions/s overall
game 3197: 300 pieces, 149 lines, attack 139 (129 ms/piece) — 197/3000 games, 57.3 positions/s overall
game 3196: 300 pieces, 150 lines, attack 111 (135 ms/piece) — 198/3000 games, 57.6 positions/s overall
game 3198: 300 pieces, 154 lines, attack 141 (134 ms/piece) — 199/3000 games, 57.7 positions/s overall
game 3199: 300 pieces, 146 lines, attack 145 (122 ms/piece) — 200/3000 games, 57.6 positions/s overall
game 3200: 300 pieces, 162 lines, attack 142 (123 ms/piece) — 201/3000 games, 57.9 positions/s overall
game 3206: 92 pieces, 42 lines, attack 32, died (122 ms/piece) — 202/3000 games, 57.8 positions/s overall
game 3201: 300 pieces, 160 lines, attack 135 (138 ms/piece) — 203/3000 games, 57.7 positions/s overall
game 3202: 300 pieces, 154 lines, attack 134 (128 ms/piece) — 204/3000 games, 57.8 positions/s overall
game 3207: 145 pieces, 60 lines, attack 51, died (114 ms/piece) — 205/3000 games, 57.8 positions/s overall
game 3205: 300 pieces, 157 lines, attack 157 (125 ms/piece) — 206/3000 games, 57.5 positions/s overall
game 3203: 300 pieces, 153 lines, attack 135 (138 ms/piece) — 207/3000 games, 57.8 positions/s overall
game 3204: 300 pieces, 157 lines, attack 137 (138 ms/piece) — 208/3000 games, 57.9 positions/s overall
game 3211: 182 pieces, 79 lines, attack 47, died (121 ms/piece) — 209/3000 games, 57.8 positions/s overall
game 3208: 300 pieces, 155 lines, attack 122 (133 ms/piece) — 210/3000 games, 57.8 positions/s overall
game 3209: 300 pieces, 173 lines, attack 136 (136 ms/piece) — 211/3000 games, 57.9 positions/s overall
game 3210: 300 pieces, 155 lines, attack 149 (130 ms/piece) — 212/3000 games, 57.8 positions/s overall
game 3212: 300 pieces, 154 lines, attack 124 (118 ms/piece) — 213/3000 games, 58.0 positions/s overall
game 3214: 192 pieces, 97 lines, attack 82, died (130 ms/piece) — 214/3000 games, 58.2 positions/s overall
game 3213: 300 pieces, 146 lines, attack 118 (131 ms/piece) — 215/3000 games, 57.7 positions/s overall
game 3215: 300 pieces, 140 lines, attack 145 (129 ms/piece) — 216/3000 games, 57.9 positions/s overall
game 3216: 300 pieces, 172 lines, attack 142 (130 ms/piece) — 217/3000 games, 57.8 positions/s overall
game 3217: 300 pieces, 165 lines, attack 138 (132 ms/piece) — 218/3000 games, 57.8 positions/s overall
game 3218: 300 pieces, 147 lines, attack 130 (134 ms/piece) — 219/3000 games, 57.9 positions/s overall
game 3220: 300 pieces, 154 lines, attack 134 (120 ms/piece) — 220/3000 games, 57.9 positions/s overall
game 3219: 300 pieces, 158 lines, attack 147 (131 ms/piece) — 221/3000 games, 58.2 positions/s overall
game 3227: 32 pieces, 11 lines, attack 2, died (84 ms/piece) — 222/3000 games, 58.1 positions/s overall
game 3221: 300 pieces, 149 lines, attack 131 (129 ms/piece) — 223/3000 games, 58.4 positions/s overall
game 3222: 240 pieces, 119 lines, attack 100, died (130 ms/piece) — 224/3000 games, 58.2 positions/s overall
game 3229: 86 pieces, 35 lines, attack 21, died (113 ms/piece) — 225/3000 games, 58.2 positions/s overall
game 3223: 300 pieces, 155 lines, attack 118 (114 ms/piece) — 226/3000 games, 58.3 positions/s overall
game 3230: 174 pieces, 75 lines, attack 63, died (132 ms/piece) — 227/3000 games, 57.9 positions/s overall
game 3225: 300 pieces, 166 lines, attack 111 (115 ms/piece) — 228/3000 games, 58.1 positions/s overall
game 3224: 300 pieces, 151 lines, attack 124 (138 ms/piece) — 229/3000 games, 58.3 positions/s overall
game 3226: 300 pieces, 156 lines, attack 104 (126 ms/piece) — 230/3000 games, 58.3 positions/s overall
game 3228: 300 pieces, 149 lines, attack 129 (132 ms/piece) — 231/3000 games, 58.2 positions/s overall
game 3236: 129 pieces, 55 lines, attack 37, died (115 ms/piece) — 232/3000 games, 58.2 positions/s overall
game 3234: 177 pieces, 91 lines, attack 69, died (122 ms/piece) — 233/3000 games, 58.1 positions/s overall
game 3232: 300 pieces, 149 lines, attack 122 (118 ms/piece) — 234/3000 games, 58.4 positions/s overall
game 3231: 300 pieces, 168 lines, attack 134 (133 ms/piece) — 235/3000 games, 58.6 positions/s overall
game 3233: 300 pieces, 160 lines, attack 146 (131 ms/piece) — 236/3000 games, 58.6 positions/s overall
game 3235: 300 pieces, 143 lines, attack 132 (137 ms/piece) — 237/3000 games, 58.1 positions/s overall
game 3237: 300 pieces, 161 lines, attack 146 (131 ms/piece) — 238/3000 games, 58.1 positions/s overall
game 3238: 300 pieces, 175 lines, attack 135, died (133 ms/piece) — 239/3000 games, 58.0 positions/s overall
game 3239: 300 pieces, 158 lines, attack 121 (129 ms/piece) — 240/3000 games, 58.2 positions/s overall
game 3241: 300 pieces, 140 lines, attack 106 (113 ms/piece) — 241/3000 games, 58.5 positions/s overall
game 3243: 257 pieces, 133 lines, attack 115, died (135 ms/piece) — 242/3000 games, 58.3 positions/s overall
game 3240: 300 pieces, 158 lines, attack 120 (138 ms/piece) — 243/3000 games, 58.6 positions/s overall
game 3242: 300 pieces, 154 lines, attack 144 (131 ms/piece) — 244/3000 games, 58.9 positions/s overall
game 3244: 300 pieces, 162 lines, attack 128 (130 ms/piece) — 245/3000 games, 58.2 positions/s overall
game 3245: 300 pieces, 142 lines, attack 131 (136 ms/piece) — 246/3000 games, 58.1 positions/s overall
game 3248: 300 pieces, 176 lines, attack 138 (113 ms/piece) — 247/3000 games, 58.3 positions/s overall
game 3251: 210 pieces, 96 lines, attack 100, died (130 ms/piece) — 248/3000 games, 58.4 positions/s overall
game 3247: 300 pieces, 159 lines, attack 119 (119 ms/piece) — 249/3000 games, 58.7 positions/s overall
game 3246: 300 pieces, 151 lines, attack 139 (136 ms/piece) — 250/3000 games, 58.7 positions/s overall
game 3249: 300 pieces, 154 lines, attack 155 (131 ms/piece) — 251/3000 games, 58.6 positions/s overall
game 3250: 300 pieces, 146 lines, attack 130 (138 ms/piece) — 252/3000 games, 58.8 positions/s overall
game 3257: 160 pieces, 73 lines, attack 62, died (142 ms/piece) — 253/3000 games, 58.2 positions/s overall
game 3252: 300 pieces, 150 lines, attack 131 (141 ms/piece) — 254/3000 games, 58.2 positions/s overall
game 3254: 300 pieces, 145 lines, attack 112 (130 ms/piece) — 255/3000 games, 58.2 positions/s overall
game 3253: 300 pieces, 143 lines, attack 116 (139 ms/piece) — 256/3000 games, 58.4 positions/s overall
game 3255: 300 pieces, 162 lines, attack 159 (137 ms/piece) — 257/3000 games, 58.6 positions/s overall
game 3256: 300 pieces, 141 lines, attack 121 (142 ms/piece) — 258/3000 games, 58.7 positions/s overall
game 3259: 300 pieces, 163 lines, attack 139 (130 ms/piece) — 259/3000 games, 58.5 positions/s overall
game 3258: 300 pieces, 156 lines, attack 129 (142 ms/piece) — 260/3000 games, 58.7 positions/s overall
game 3262: 154 pieces, 80 lines, attack 64, died (120 ms/piece) — 261/3000 games, 58.7 positions/s overall
game 3266: 92 pieces, 41 lines, attack 35, died (153 ms/piece) — 262/3000 games, 58.3 positions/s overall
game 3260: 300 pieces, 168 lines, attack 123 (136 ms/piece) — 263/3000 games, 58.4 positions/s overall
game 3261: 300 pieces, 147 lines, attack 132 (133 ms/piece) — 264/3000 games, 58.5 positions/s overall
game 3263: 300 pieces, 160 lines, attack 133 (145 ms/piece) — 265/3000 games, 58.2 positions/s overall
game 3265: 300 pieces, 156 lines, attack 144 (139 ms/piece) — 266/3000 games, 58.4 positions/s overall
game 3264: 300 pieces, 161 lines, attack 152 (147 ms/piece) — 267/3000 games, 58.6 positions/s overall
game 3268: 300 pieces, 157 lines, attack 127 (131 ms/piece) — 268/3000 games, 58.4 positions/s overall
game 3271: 211 pieces, 104 lines, attack 68, died (125 ms/piece) — 269/3000 games, 58.4 positions/s overall
game 3267: 300 pieces, 156 lines, attack 121 (151 ms/piece) — 270/3000 games, 58.6 positions/s overall
game 3269: 270 pieces, 120 lines, attack 104, died (142 ms/piece) — 271/3000 games, 58.5 positions/s overall
game 3270: 300 pieces, 175 lines, attack 163 (147 ms/piece) — 272/3000 games, 58.5 positions/s overall
game 3277: 210 pieces, 93 lines, attack 49, died (121 ms/piece) — 273/3000 games, 58.0 positions/s overall
game 3272: 300 pieces, 152 lines, attack 131 (142 ms/piece) — 274/3000 games, 58.2 positions/s overall
game 3279: 102 pieces, 47 lines, attack 38, died (138 ms/piece) — 275/3000 games, 58.3 positions/s overall
game 3273: 300 pieces, 153 lines, attack 127 (143 ms/piece) — 276/3000 games, 58.4 positions/s overall
game 3274: 300 pieces, 151 lines, attack 128 (142 ms/piece) — 277/3000 games, 58.7 positions/s overall
game 3275: 300 pieces, 161 lines, attack 123 (122 ms/piece) — 278/3000 games, 58.7 positions/s overall
game 3276: 300 pieces, 151 lines, attack 117 (131 ms/piece) — 279/3000 games, 58.7 positions/s overall
game 3278: 300 pieces, 142 lines, attack 127 (148 ms/piece) — 280/3000 games, 58.4 positions/s overall
game 3282: 282 pieces, 147 lines, attack 116, died (144 ms/piece) — 281/3000 games, 57.8 positions/s overall
game 3280: 300 pieces, 155 lines, attack 130 (146 ms/piece) — 282/3000 games, 58.0 positions/s overall
game 3283: 300 pieces, 168 lines, attack 148 (137 ms/piece) — 283/3000 games, 58.2 positions/s overall
game 3281: 300 pieces, 161 lines, attack 127 (146 ms/piece) — 284/3000 games, 58.4 positions/s overall
game 3284: 300 pieces, 151 lines, attack 125 (144 ms/piece) — 285/3000 games, 58.6 positions/s overall
game 3285: 300 pieces, 149 lines, attack 145 (136 ms/piece) — 286/3000 games, 58.7 positions/s overall
game 3286: 300 pieces, 143 lines, attack 141 (141 ms/piece) — 287/3000 games, 58.6 positions/s overall
game 3287: 300 pieces, 156 lines, attack 118 (147 ms/piece) — 288/3000 games, 58.2 positions/s overall
game 3289: 300 pieces, 170 lines, attack 132 (142 ms/piece) — 289/3000 games, 57.7 positions/s overall
game 3288: 300 pieces, 150 lines, attack 132 (150 ms/piece) — 290/3000 games, 57.9 positions/s overall
game 3290: 300 pieces, 160 lines, attack 128 (147 ms/piece) — 291/3000 games, 58.1 positions/s overall
game 3291: 300 pieces, 164 lines, attack 119 (149 ms/piece) — 292/3000 games, 58.3 positions/s overall
game 3293: 300 pieces, 151 lines, attack 134 (143 ms/piece) — 293/3000 games, 58.4 positions/s overall
game 3292: 300 pieces, 161 lines, attack 139 (155 ms/piece) — 294/3000 games, 58.6 positions/s overall
game 3294: 300 pieces, 142 lines, attack 111 (145 ms/piece) — 295/3000 games, 58.5 positions/s overall
game 3295: 300 pieces, 167 lines, attack 138 (140 ms/piece) — 296/3000 games, 58.2 positions/s overall
game 3302: 173 pieces, 82 lines, attack 66, died (133 ms/piece) — 297/3000 games, 57.9 positions/s overall
game 3298: 274 pieces, 130 lines, attack 103, died (135 ms/piece) — 298/3000 games, 57.9 positions/s overall
game 3300: 300 pieces, 144 lines, attack 113 (120 ms/piece) — 299/3000 games, 58.1 positions/s overall
game 3296: 300 pieces, 153 lines, attack 105 (134 ms/piece) — 300/3000 games, 58.3 positions/s overall
game 3297: 300 pieces, 155 lines, attack 115 (143 ms/piece) — 301/3000 games, 58.4 positions/s overall
game 3299: 300 pieces, 146 lines, attack 124 (138 ms/piece) — 302/3000 games, 58.6 positions/s overall
game 3301: 300 pieces, 171 lines, attack 130 (137 ms/piece) — 303/3000 games, 58.6 positions/s overall
game 3303: 300 pieces, 150 lines, attack 117 (138 ms/piece) — 304/3000 games, 58.1 positions/s overall
game 3306: 300 pieces, 141 lines, attack 133 (118 ms/piece) — 305/3000 games, 57.9 positions/s overall
game 3304: 300 pieces, 139 lines, attack 129 (136 ms/piece) — 306/3000 games, 58.1 positions/s overall
game 3307: 300 pieces, 162 lines, attack 120 (131 ms/piece) — 307/3000 games, 58.2 positions/s overall
game 3305: 300 pieces, 155 lines, attack 129 (142 ms/piece) — 308/3000 games, 58.3 positions/s overall
game 3308: 300 pieces, 151 lines, attack 149 (141 ms/piece) — 309/3000 games, 58.3 positions/s overall
game 3309: 300 pieces, 151 lines, attack 134 (140 ms/piece) — 310/3000 games, 58.5 positions/s overall
game 3310: 300 pieces, 164 lines, attack 150 (135 ms/piece) — 311/3000 games, 58.7 positions/s overall
game 3314: 136 pieces, 66 lines, attack 48, died (110 ms/piece) — 312/3000 games, 58.5 positions/s overall
game 3311: 300 pieces, 149 lines, attack 151 (143 ms/piece) — 313/3000 games, 58.1 positions/s overall
game 3312: 300 pieces, 149 lines, attack 150 (122 ms/piece) — 314/3000 games, 58.2 positions/s overall
game 3313: 300 pieces, 151 lines, attack 125 (138 ms/piece) — 315/3000 games, 58.2 positions/s overall
game 3317: 259 pieces, 123 lines, attack 101, died (135 ms/piece) — 316/3000 games, 58.2 positions/s overall
game 3315: 300 pieces, 152 lines, attack 136 (137 ms/piece) — 317/3000 games, 58.4 positions/s overall
game 3316: 300 pieces, 160 lines, attack 133 (128 ms/piece) — 318/3000 games, 58.5 positions/s overall
game 3325: 32 pieces, 15 lines, attack 11, died (116 ms/piece) — 319/3000 games, 58.4 positions/s overall
game 3318: 300 pieces, 147 lines, attack 140 (143 ms/piece) — 320/3000 games, 58.5 positions/s overall
game 3319: 300 pieces, 150 lines, attack 125 (142 ms/piece) — 321/3000 games, 58.4 positions/s overall
game 3323: 141 pieces, 68 lines, attack 50, died (120 ms/piece) — 322/3000 games, 58.5 positions/s overall
game 3320: 300 pieces, 151 lines, attack 128 (136 ms/piece) — 323/3000 games, 58.2 positions/s overall
game 3321: 300 pieces, 162 lines, attack 120 (126 ms/piece) — 324/3000 games, 58.4 positions/s overall
game 3322: 300 pieces, 149 lines, attack 113 (139 ms/piece) — 325/3000 games, 58.2 positions/s overall
game 3324: 300 pieces, 159 lines, attack 120 (138 ms/piece) — 326/3000 games, 58.3 positions/s overall
game 3326: 300 pieces, 154 lines, attack 133 (140 ms/piece) — 327/3000 games, 58.2 positions/s overall
game 3327: 300 pieces, 154 lines, attack 142 (137 ms/piece) — 328/3000 games, 58.3 positions/s overall
game 3329: 258 pieces, 120 lines, attack 101, died (135 ms/piece) — 329/3000 games, 58.5 positions/s overall
game 3328: 300 pieces, 166 lines, attack 145 (144 ms/piece) — 330/3000 games, 58.4 positions/s overall
game 3330: 251 pieces, 115 lines, attack 102, died (135 ms/piece) — 331/3000 games, 58.5 positions/s overall
game 3331: 300 pieces, 150 lines, attack 146 (120 ms/piece) — 332/3000 games, 58.5 positions/s overall
game 3332: 300 pieces, 146 lines, attack 114 (134 ms/piece) — 333/3000 games, 58.2 positions/s overall
game 3335: 202 pieces, 101 lines, attack 96, died (141 ms/piece) — 334/3000 games, 58.3 positions/s overall
game 3333: 300 pieces, 158 lines, attack 121 (137 ms/piece) — 335/3000 games, 58.4 positions/s overall
game 3339: 188 pieces, 97 lines, attack 64, died (107 ms/piece) — 336/3000 games, 58.4 positions/s overall
game 3334: 300 pieces, 182 lines, attack 150 (132 ms/piece) — 337/3000 games, 58.5 positions/s overall
game 3337: 212 pieces, 101 lines, attack 96, died (138 ms/piece) — 338/3000 games, 58.6 positions/s overall
game 3336: 300 pieces, 155 lines, attack 109 (134 ms/piece) — 339/3000 games, 58.7 positions/s overall
game 3338: 300 pieces, 152 lines, attack 125 (132 ms/piece) — 340/3000 games, 58.5 positions/s overall
game 3344: 186 pieces, 97 lines, attack 91, died (131 ms/piece) — 341/3000 games, 58.2 positions/s overall
game 3340: 300 pieces, 158 lines, attack 128 (124 ms/piece) — 342/3000 games, 58.3 positions/s overall
game 3343: 300 pieces, 171 lines, attack 134 (110 ms/piece) — 343/3000 games, 58.4 positions/s overall
game 3341: 300 pieces, 152 lines, attack 123 (136 ms/piece) — 344/3000 games, 58.5 positions/s overall
game 3342: 300 pieces, 172 lines, attack 143 (133 ms/piece) — 345/3000 games, 58.6 positions/s overall
game 3345: 300 pieces, 166 lines, attack 124 (127 ms/piece) — 346/3000 games, 58.7 positions/s overall
game 3346: 300 pieces, 147 lines, attack 135 (133 ms/piece) — 347/3000 games, 58.7 positions/s overall
game 3354: 80 pieces, 31 lines, attack 26, died (114 ms/piece) — 348/3000 games, 58.4 positions/s overall
game 3347: 300 pieces, 170 lines, attack 157 (136 ms/piece) — 349/3000 games, 58.5 positions/s overall
game 3350: 300 pieces, 153 lines, attack 118 (111 ms/piece) — 350/3000 games, 58.4 positions/s overall
game 3348: 300 pieces, 144 lines, attack 113 (134 ms/piece) — 351/3000 games, 58.5 positions/s overall
game 3349: 300 pieces, 162 lines, attack 142 (128 ms/piece) — 352/3000 games, 58.6 positions/s overall
game 3352: 274 pieces, 134 lines, attack 91, died (118 ms/piece) — 353/3000 games, 58.8 positions/s overall
game 3351: 300 pieces, 139 lines, attack 118 (128 ms/piece) — 354/3000 games, 58.8 positions/s overall
game 3353: 300 pieces, 173 lines, attack 117 (120 ms/piece) — 355/3000 games, 58.9 positions/s overall
game 3356: 300 pieces, 165 lines, attack 142 (122 ms/piece) — 356/3000 games, 58.5 positions/s overall
game 3355: 300 pieces, 150 lines, attack 135 (129 ms/piece) — 357/3000 games, 58.6 positions/s overall
game 3364: 26 pieces, 1 lines, attack 0, died (98 ms/piece) — 358/3000 games, 58.5 positions/s overall
game 3357: 300 pieces, 131 lines, attack 114 (123 ms/piece) — 359/3000 games, 58.5 positions/s overall
game 3358: 300 pieces, 147 lines, attack 118 (133 ms/piece) — 360/3000 games, 58.6 positions/s overall
game 3359: 300 pieces, 156 lines, attack 137 (129 ms/piece) — 361/3000 games, 58.7 positions/s overall
game 3360: 300 pieces, 140 lines, attack 100 (131 ms/piece) — 362/3000 games, 58.8 positions/s overall
game 3361: 300 pieces, 149 lines, attack 128 (135 ms/piece) — 363/3000 games, 58.8 positions/s overall
game 3362: 300 pieces, 145 lines, attack 88 (126 ms/piece) — 364/3000 games, 59.0 positions/s overall
game 3367: 68 pieces, 32 lines, attack 31, died (129 ms/piece) — 365/3000 games, 59.0 positions/s overall
game 3363: 300 pieces, 163 lines, attack 147 (135 ms/piece) — 366/3000 games, 58.5 positions/s overall
game 3365: 300 pieces, 150 lines, attack 120 (127 ms/piece) — 367/3000 games, 58.7 positions/s overall
game 3366: 300 pieces, 146 lines, attack 128 (114 ms/piece) — 368/3000 games, 58.8 positions/s overall
game 3368: 300 pieces, 154 lines, attack 132 (135 ms/piece) — 369/3000 games, 58.6 positions/s overall
game 3369: 300 pieces, 152 lines, attack 111 (141 ms/piece) — 370/3000 games, 58.6 positions/s overall
game 3370: 300 pieces, 157 lines, attack 119 (133 ms/piece) — 371/3000 games, 58.7 positions/s overall
game 3371: 300 pieces, 151 lines, attack 136 (134 ms/piece) — 372/3000 games, 58.9 positions/s overall
game 3372: 300 pieces, 161 lines, attack 157 (143 ms/piece) — 373/3000 games, 58.9 positions/s overall
game 3373: 199 pieces, 111 lines, attack 71, died (128 ms/piece) — 374/3000 games, 59.0 positions/s overall
game 3375: 300 pieces, 168 lines, attack 133 (119 ms/piece) — 375/3000 games, 58.7 positions/s overall
game 3374: 300 pieces, 149 lines, attack 139 (145 ms/piece) — 376/3000 games, 58.7 positions/s overall
game 3383: 74 pieces, 37 lines, attack 20, died (107 ms/piece) — 377/3000 games, 58.5 positions/s overall
game 3376: 300 pieces, 136 lines, attack 98 (134 ms/piece) — 378/3000 games, 58.6 positions/s overall
game 3380: 218 pieces, 127 lines, attack 118, died (140 ms/piece) — 379/3000 games, 58.7 positions/s overall
game 3377: 300 pieces, 159 lines, attack 103 (128 ms/piece) — 380/3000 games, 58.8 positions/s overall
game 3378: 300 pieces, 159 lines, attack 131 (126 ms/piece) — 381/3000 games, 59.0 positions/s overall
game 3379: 300 pieces, 167 lines, attack 137 (137 ms/piece) — 382/3000 games, 59.0 positions/s overall
game 3381: 300 pieces, 150 lines, attack 110 (127 ms/piece) — 383/3000 games, 59.1 positions/s overall
game 3382: 300 pieces, 147 lines, attack 102 (109 ms/piece) — 384/3000 games, 59.0 positions/s overall
game 3384: 300 pieces, 151 lines, attack 120 (136 ms/piece) — 385/3000 games, 58.4 positions/s overall
game 3387: 300 pieces, 143 lines, attack 113 (132 ms/piece) — 386/3000 games, 58.5 positions/s overall
game 3385: 300 pieces, 150 lines, attack 127 (148 ms/piece) — 387/3000 games, 58.6 positions/s overall
game 3386: 300 pieces, 145 lines, attack 126 (147 ms/piece) — 388/3000 games, 58.8 positions/s overall
game 3388: 300 pieces, 164 lines, attack 141 (148 ms/piece) — 389/3000 games, 58.8 positions/s overall
game 3392: 88 pieces, 43 lines, attack 22, died (123 ms/piece) — 390/3000 games, 58.8 positions/s overall
game 3394: 45 pieces, 16 lines, attack 11, died (127 ms/piece) — 391/3000 games, 58.8 positions/s overall
game 3389: 300 pieces, 134 lines, attack 130 (148 ms/piece) — 392/3000 games, 58.9 positions/s overall
game 3390: 300 pieces, 144 lines, attack 151 (147 ms/piece) — 393/3000 games, 59.1 positions/s overall
game 3391: 300 pieces, 147 lines, attack 121 (127 ms/piece) — 394/3000 games, 59.2 positions/s overall
game 3398: 105 pieces, 47 lines, attack 41, died (136 ms/piece) — 395/3000 games, 58.9 positions/s overall
game 3401: 156 pieces, 85 lines, attack 67, died (109 ms/piece) — 396/3000 games, 58.7 positions/s overall
game 3393: 300 pieces, 157 lines, attack 120 (138 ms/piece) — 397/3000 games, 58.6 positions/s overall
game 3395: 300 pieces, 156 lines, attack 139 (134 ms/piece) — 398/3000 games, 58.7 positions/s overall
game 3396: 300 pieces, 146 lines, attack 137 (147 ms/piece) — 399/3000 games, 58.6 positions/s overall
game 3397: 300 pieces, 144 lines, attack 129 (139 ms/piece) — 400/3000 games, 58.8 positions/s overall
game 3400: 300 pieces, 148 lines, attack 127 (128 ms/piece) — 401/3000 games, 58.9 positions/s overall
game 3399: 300 pieces, 162 lines, attack 146 (151 ms/piece) — 402/3000 games, 58.9 positions/s overall
game 3402: 300 pieces, 156 lines, attack 137 (146 ms/piece) — 403/3000 games, 58.7 positions/s overall
game 3403: 300 pieces, 150 lines, attack 134 (123 ms/piece) — 404/3000 games, 58.9 positions/s overall
game 3410: 100 pieces, 44 lines, attack 27, died (100 ms/piece) — 405/3000 games, 58.6 positions/s overall
game 3404: 300 pieces, 149 lines, attack 114 (129 ms/piece) — 406/3000 games, 58.7 positions/s overall
game 3405: 300 pieces, 141 lines, attack 121 (144 ms/piece) — 407/3000 games, 58.6 positions/s overall
game 3409: 265 pieces, 136 lines, attack 111, died (123 ms/piece) — 408/3000 games, 58.7 positions/s overall
game 3408: 300 pieces, 152 lines, attack 114 (130 ms/piece) — 409/3000 games, 58.9 positions/s overall
game 3407: 300 pieces, 156 lines, attack 121 (134 ms/piece) — 410/3000 games, 59.0 positions/s overall
game 3406: 300 pieces, 163 lines, attack 136 (136 ms/piece) — 411/3000 games, 59.1 positions/s overall
game 3411: 300 pieces, 166 lines, attack 129 (122 ms/piece) — 412/3000 games, 58.9 positions/s overall
game 3412: 300 pieces, 158 lines, attack 136 (143 ms/piece) — 413/3000 games, 58.6 positions/s overall
game 3413: 300 pieces, 154 lines, attack 131 (136 ms/piece) — 414/3000 games, 58.7 positions/s overall
game 3415: 300 pieces, 155 lines, attack 112 (134 ms/piece) — 415/3000 games, 58.6 positions/s overall
game 3414: 300 pieces, 151 lines, attack 113 (144 ms/piece) — 416/3000 games, 58.7 positions/s overall
game 3416: 300 pieces, 159 lines, attack 155 (144 ms/piece) — 417/3000 games, 58.8 positions/s overall
game 3417: 300 pieces, 153 lines, attack 117 (146 ms/piece) — 418/3000 games, 58.9 positions/s overall
game 3418: 300 pieces, 157 lines, attack 133 (149 ms/piece) — 419/3000 games, 59.0 positions/s overall
game 3419: 300 pieces, 171 lines, attack 136 (117 ms/piece) — 420/3000 games, 59.0 positions/s overall
game 3420: 300 pieces, 145 lines, attack 152 (136 ms/piece) — 421/3000 games, 58.6 positions/s overall
game 3421: 300 pieces, 131 lines, attack 111 (147 ms/piece) — 422/3000 games, 58.6 positions/s overall
game 3427: 238 pieces, 109 lines, attack 81, died (114 ms/piece) — 423/3000 games, 58.7 positions/s overall
game 3422: 300 pieces, 158 lines, attack 128 (144 ms/piece) — 424/3000 games, 58.6 positions/s overall
game 3423: 300 pieces, 136 lines, attack 113 (144 ms/piece) — 425/3000 games, 58.8 positions/s overall
game 3424: 300 pieces, 153 lines, attack 143 (142 ms/piece) — 426/3000 games, 58.9 positions/s overall
game 3425: 300 pieces, 157 lines, attack 136 (143 ms/piece) — 427/3000 games, 59.0 positions/s overall
game 3426: 300 pieces, 167 lines, attack 144 (156 ms/piece) — 428/3000 games, 59.0 positions/s overall
game 3432: 198 pieces, 98 lines, attack 80, died (133 ms/piece) — 429/3000 games, 58.5 positions/s overall
game 3428: 300 pieces, 173 lines, attack 138 (134 ms/piece) — 430/3000 games, 58.7 positions/s overall
game 3430: 300 pieces, 155 lines, attack 123 (124 ms/piece) — 431/3000 games, 58.7 positions/s overall
game 3429: 300 pieces, 160 lines, attack 130 (140 ms/piece) — 432/3000 games, 58.8 positions/s overall
game 3433: 300 pieces, 159 lines, attack 117 (132 ms/piece) — 433/3000 games, 58.7 positions/s overall
game 3431: 300 pieces, 146 lines, attack 138 (153 ms/piece) — 434/3000 games, 58.7 positions/s overall
game 3434: 300 pieces, 156 lines, attack 132 (142 ms/piece) — 435/3000 games, 58.9 positions/s overall
game 3439: 141 pieces, 69 lines, attack 59, died (124 ms/piece) — 436/3000 games, 58.8 positions/s overall
game 3435: 300 pieces, 151 lines, attack 125 (141 ms/piece) — 437/3000 games, 58.9 positions/s overall
game 3436: 300 pieces, 145 lines, attack 97 (123 ms/piece) — 438/3000 games, 58.7 positions/s overall
game 3438: 300 pieces, 158 lines, attack 124 (125 ms/piece) — 439/3000 games, 58.7 positions/s overall
game 3437: 300 pieces, 155 lines, attack 119 (142 ms/piece) — 440/3000 games, 58.8 positions/s overall
game 3440: 300 pieces, 160 lines, attack 113 (124 ms/piece) — 441/3000 games, 58.7 positions/s overall
game 3441: 300 pieces, 153 lines, attack 130 (138 ms/piece) — 442/3000 games, 58.6 positions/s overall
game 3442: 300 pieces, 155 lines, attack 116 (135 ms/piece) — 443/3000 games, 58.8 positions/s overall
game 3444: 300 pieces, 152 lines, attack 105 (133 ms/piece) — 444/3000 games, 58.8 positions/s overall
game 3443: 300 pieces, 160 lines, attack 158 (136 ms/piece) — 445/3000 games, 58.9 positions/s overall
game 3445: 300 pieces, 156 lines, attack 131 (131 ms/piece) — 446/3000 games, 58.8 positions/s overall
game 3446: 300 pieces, 160 lines, attack 148 (122 ms/piece) — 447/3000 games, 58.9 positions/s overall
game 3447: 300 pieces, 147 lines, attack 131 (130 ms/piece) — 448/3000 games, 58.9 positions/s overall
game 3452: 157 pieces, 68 lines, attack 38, died (126 ms/piece) — 449/3000 games, 58.9 positions/s overall
game 3448: 300 pieces, 147 lines, attack 118 (137 ms/piece) — 450/3000 games, 58.8 positions/s overall
game 3449: 300 pieces, 144 lines, attack 109 (114 ms/piece) — 451/3000 games, 58.9 positions/s overall
game 3450: 300 pieces, 133 lines, attack 110 (139 ms/piece) — 452/3000 games, 58.8 positions/s overall
game 3451: 300 pieces, 172 lines, attack 161 (125 ms/piece) — 453/3000 games, 59.0 positions/s overall
game 3454: 300 pieces, 149 lines, attack 115 (117 ms/piece) — 454/3000 games, 58.8 positions/s overall
game 3453: 300 pieces, 163 lines, attack 151 (131 ms/piece) — 455/3000 games, 58.9 positions/s overall
game 3455: 300 pieces, 157 lines, attack 138 (134 ms/piece) — 456/3000 games, 58.8 positions/s overall
game 3456: 300 pieces, 156 lines, attack 128 (129 ms/piece) — 457/3000 games, 58.9 positions/s overall
game 3457: 300 pieces, 148 lines, attack 125 (125 ms/piece) — 458/3000 games, 58.9 positions/s overall
game 3458: 300 pieces, 154 lines, attack 129 (131 ms/piece) — 459/3000 games, 59.0 positions/s overall
game 3460: 300 pieces, 156 lines, attack 129 (128 ms/piece) — 460/3000 games, 58.9 positions/s overall
game 3459: 300 pieces, 143 lines, attack 132 (140 ms/piece) — 461/3000 games, 58.9 positions/s overall
game 3463: 206 pieces, 90 lines, attack 60, died (112 ms/piece) — 462/3000 games, 59.0 positions/s overall
game 3461: 300 pieces, 164 lines, attack 153 (123 ms/piece) — 463/3000 games, 59.0 positions/s overall
game 3462: 300 pieces, 148 lines, attack 109 (128 ms/piece) — 464/3000 games, 59.1 positions/s overall
game 3464: 300 pieces, 151 lines, attack 136 (139 ms/piece) — 465/3000 games, 58.9 positions/s overall
game 3465: 300 pieces, 169 lines, attack 120 (120 ms/piece) — 466/3000 games, 59.0 positions/s overall
game 3466: 300 pieces, 165 lines, attack 148 (128 ms/piece) — 467/3000 games, 59.0 positions/s overall
game 3472: 63 pieces, 20 lines, attack 15, died (120 ms/piece) — 468/3000 games, 59.0 positions/s overall
game 3469: 244 pieces, 116 lines, attack 93, died (126 ms/piece) — 469/3000 games, 59.0 positions/s overall
game 3467: 300 pieces, 152 lines, attack 125 (126 ms/piece) — 470/3000 games, 59.1 positions/s overall
game 3471: 218 pieces, 99 lines, attack 96, died (135 ms/piece) — 471/3000 games, 59.1 positions/s overall
game 3468: 300 pieces, 167 lines, attack 158 (134 ms/piece) — 472/3000 games, 59.2 positions/s overall
game 3470: 300 pieces, 155 lines, attack 137 (128 ms/piece) — 473/3000 games, 59.2 positions/s overall
game 3478: 86 pieces, 28 lines, attack 27, died (125 ms/piece) — 474/3000 games, 59.1 positions/s overall
game 3473: 300 pieces, 158 lines, attack 140 (135 ms/piece) — 475/3000 games, 58.8 positions/s overall
game 3474: 300 pieces, 158 lines, attack 142 (134 ms/piece) — 476/3000 games, 58.8 positions/s overall
game 3476: 300 pieces, 150 lines, attack 92 (125 ms/piece) — 477/3000 games, 58.9 positions/s overall
game 3475: 300 pieces, 151 lines, attack 135 (146 ms/piece) — 478/3000 games, 59.0 positions/s overall
game 3479: 300 pieces, 170 lines, attack 115 (126 ms/piece) — 479/3000 games, 59.0 positions/s overall
game 3477: 300 pieces, 172 lines, attack 151 (146 ms/piece) — 480/3000 games, 59.1 positions/s overall
game 3480: 300 pieces, 157 lines, attack 91 (123 ms/piece) — 481/3000 games, 59.2 positions/s overall
game 3481: 300 pieces, 153 lines, attack 117 (144 ms/piece) — 482/3000 games, 59.0 positions/s overall
game 3486: 188 pieces, 89 lines, attack 70, died (137 ms/piece) — 483/3000 games, 58.8 positions/s overall
game 3482: 300 pieces, 159 lines, attack 122 (145 ms/piece) — 484/3000 games, 58.9 positions/s overall
game 3484: 300 pieces, 147 lines, attack 124 (146 ms/piece) — 485/3000 games, 58.8 positions/s overall
game 3483: 300 pieces, 146 lines, attack 125 (153 ms/piece) — 486/3000 games, 58.9 positions/s overall
game 3487: 300 pieces, 162 lines, attack 135 (133 ms/piece) — 487/3000 games, 59.0 positions/s overall
game 3485: 300 pieces, 154 lines, attack 119 (152 ms/piece) — 488/3000 games, 59.1 positions/s overall
game 3488: 300 pieces, 159 lines, attack 142 (125 ms/piece) — 489/3000 games, 59.2 positions/s overall
game 3489: 300 pieces, 167 lines, attack 136 (139 ms/piece) — 490/3000 games, 58.9 positions/s overall
game 3490: 300 pieces, 174 lines, attack 142 (136 ms/piece) — 491/3000 games, 58.8 positions/s overall
game 3491: 300 pieces, 163 lines, attack 148 (151 ms/piece) — 492/3000 games, 58.7 positions/s overall
game 3493: 300 pieces, 150 lines, attack 117 (135 ms/piece) — 493/3000 games, 58.8 positions/s overall
game 3496: 300 pieces, 152 lines, attack 136 (121 ms/piece) — 494/3000 games, 58.9 positions/s overall
game 3494: 300 pieces, 162 lines, attack 126 (130 ms/piece) — 495/3000 games, 59.0 positions/s overall
game 3495: 300 pieces, 157 lines, attack 119 (135 ms/piece) — 496/3000 games, 59.1 positions/s overall
game 3492: 300 pieces, 167 lines, attack 130 (149 ms/piece) — 497/3000 games, 59.2 positions/s overall
game 3497: 300 pieces, 160 lines, attack 115 (131 ms/piece) — 498/3000 games, 59.0 positions/s overall
game 3499: 165 pieces, 74 lines, attack 64, died (138 ms/piece) — 499/3000 games, 59.0 positions/s overall
game 3498: 300 pieces, 150 lines, attack 142 (153 ms/piece) — 500/3000 games, 58.7 positions/s overall
game 3501: 300 pieces, 138 lines, attack 146 (131 ms/piece) — 501/3000 games, 58.8 positions/s overall
game 3500: 300 pieces, 163 lines, attack 145 (138 ms/piece) — 502/3000 games, 58.9 positions/s overall
game 3502: 300 pieces, 153 lines, attack 126 (144 ms/piece) — 503/3000 games, 58.9 positions/s overall
game 3504: 300 pieces, 143 lines, attack 118 (147 ms/piece) — 504/3000 games, 58.9 positions/s overall
game 3503: 300 pieces, 141 lines, attack 115 (150 ms/piece) — 505/3000 games, 59.1 positions/s overall
game 3512: 20 pieces, 2 lines, attack 0, died (82 ms/piece) — 506/3000 games, 59.0 positions/s overall
game 3509: 101 pieces, 50 lines, attack 46, died (118 ms/piece) — 507/3000 games, 59.0 positions/s overall
game 3508: 157 pieces, 71 lines, attack 42, died (109 ms/piece) — 508/3000 games, 59.0 positions/s overall
game 3515: 18 pieces, 0 lines, attack 0, died (102 ms/piece) — 509/3000 games, 58.9 positions/s overall
game 3505: 300 pieces, 165 lines, attack 155 (141 ms/piece) — 510/3000 games, 59.0 positions/s overall
game 3506: 300 pieces, 143 lines, attack 112 (140 ms/piece) — 511/3000 games, 59.1 positions/s overall
game 3507: 300 pieces, 154 lines, attack 99 (142 ms/piece) — 512/3000 games, 58.8 positions/s overall
game 3510: 300 pieces, 137 lines, attack 101 (135 ms/piece) — 513/3000 games, 58.8 positions/s overall
game 3511: 300 pieces, 154 lines, attack 127 (127 ms/piece) — 514/3000 games, 58.9 positions/s overall
game 3513: 300 pieces, 162 lines, attack 134 (132 ms/piece) — 515/3000 games, 58.9 positions/s overall
game 3514: 300 pieces, 161 lines, attack 118 (133 ms/piece) — 516/3000 games, 59.0 positions/s overall
game 3516: 300 pieces, 163 lines, attack 124 (119 ms/piece) — 517/3000 games, 59.1 positions/s overall
game 3519: 173 pieces, 88 lines, attack 59, died (132 ms/piece) — 518/3000 games, 59.0 positions/s overall
game 3517: 300 pieces, 159 lines, attack 134 (136 ms/piece) — 519/3000 games, 59.1 positions/s overall
game 3518: 300 pieces, 150 lines, attack 134 (137 ms/piece) — 520/3000 games, 59.2 positions/s overall
game 3522: 225 pieces, 115 lines, attack 103, died (130 ms/piece) — 521/3000 games, 58.9 positions/s overall
game 3520: 300 pieces, 172 lines, attack 121 (130 ms/piece) — 522/3000 games, 58.8 positions/s overall
game 3524: 300 pieces, 170 lines, attack 139 (113 ms/piece) — 523/3000 games, 58.9 positions/s overall
game 3521: 300 pieces, 143 lines, attack 127 (149 ms/piece) — 524/3000 games, 59.0 positions/s overall
game 3523: 300 pieces, 149 lines, attack 111 (136 ms/piece) — 525/3000 games, 59.0 positions/s overall
game 3525: 300 pieces, 153 lines, attack 119 (134 ms/piece) — 526/3000 games, 59.0 positions/s overall
game 3526: 300 pieces, 167 lines, attack 147 (141 ms/piece) — 527/3000 games, 59.0 positions/s overall
game 3527: 300 pieces, 159 lines, attack 119 (140 ms/piece) — 528/3000 games, 59.1 positions/s overall
game 3528: 300 pieces, 146 lines, attack 124 (138 ms/piece) — 529/3000 games, 58.9 positions/s overall
game 3534: 142 pieces, 70 lines, attack 45, died (128 ms/piece) — 530/3000 games, 58.9 positions/s overall
game 3530: 300 pieces, 152 lines, attack 149 (128 ms/piece) — 531/3000 games, 58.9 positions/s overall
game 3529: 300 pieces, 142 lines, attack 117 (139 ms/piece) — 532/3000 games, 59.0 positions/s overall
game 3532: 300 pieces, 148 lines, attack 127 (132 ms/piece) — 533/3000 games, 59.0 positions/s overall
game 3531: 300 pieces, 152 lines, attack 125 (143 ms/piece) — 534/3000 games, 59.1 positions/s overall
game 3533: 300 pieces, 155 lines, attack 121 (142 ms/piece) — 535/3000 games, 59.0 positions/s overall
game 3539: 143 pieces, 77 lines, attack 59, died (129 ms/piece) — 536/3000 games, 59.0 positions/s overall
game 3535: 300 pieces, 155 lines, attack 136 (141 ms/piece) — 537/3000 games, 59.1 positions/s overall
game 3541: 152 pieces, 67 lines, attack 57, died (126 ms/piece) — 538/3000 games, 59.0 positions/s overall
game 3536: 300 pieces, 149 lines, attack 124 (138 ms/piece) — 539/3000 games, 58.9 positions/s overall
game 3537: 300 pieces, 155 lines, attack 124 (137 ms/piece) — 540/3000 games, 59.0 positions/s overall
game 3538: 300 pieces, 171 lines, attack 159 (124 ms/piece) — 541/3000 games, 59.1 positions/s overall
game 3540: 300 pieces, 154 lines, attack 128 (136 ms/piece) — 542/3000 games, 59.0 positions/s overall
game 3542: 300 pieces, 170 lines, attack 135 (127 ms/piece) — 543/3000 games, 58.9 positions/s overall
game 3543: 300 pieces, 145 lines, attack 119 (135 ms/piece) — 544/3000 games, 58.9 positions/s overall
game 3544: 300 pieces, 153 lines, attack 123 (131 ms/piece) — 545/3000 games, 59.0 positions/s overall
game 3545: 300 pieces, 140 lines, attack 128 (137 ms/piece) — 546/3000 games, 59.0 positions/s overall
game 3550: 108 pieces, 48 lines, attack 36, died (127 ms/piece) — 547/3000 games, 59.0 positions/s overall
game 3549: 198 pieces, 97 lines, attack 77, died (118 ms/piece) — 548/3000 games, 59.0 positions/s overall
game 3548: 300 pieces, 146 lines, attack 155 (122 ms/piece) — 549/3000 games, 59.1 positions/s overall
game 3546: 300 pieces, 153 lines, attack 123 (132 ms/piece) — 550/3000 games, 59.2 positions/s overall
game 3547: 300 pieces, 167 lines, attack 126 (132 ms/piece) — 551/3000 games, 59.2 positions/s overall
game 3555: 70 pieces, 27 lines, attack 16, died (95 ms/piece) — 552/3000 games, 59.2 positions/s overall
game 3551: 176 pieces, 80 lines, attack 46, died (116 ms/piece) — 553/3000 games, 59.3 positions/s overall
game 3552: 147 pieces, 63 lines, attack 49, died (134 ms/piece) — 554/3000 games, 59.3 positions/s overall
game 3558: 69 pieces, 34 lines, attack 21, died (109 ms/piece) — 555/3000 games, 59.2 positions/s overall
game 3554: 128 pieces, 54 lines, attack 36, died (133 ms/piece) — 556/3000 games, 59.3 positions/s overall
game 3563: 149 pieces, 66 lines, attack 64, died (143 ms/piece) — 557/3000 games, 58.8 positions/s overall
game 3556: 300 pieces, 153 lines, attack 125 (116 ms/piece) — 558/3000 games, 58.9 positions/s overall
game 3553: 300 pieces, 155 lines, attack 144 (150 ms/piece) — 559/3000 games, 58.9 positions/s overall
game 3557: 300 pieces, 149 lines, attack 121 (132 ms/piece) — 560/3000 games, 59.0 positions/s overall
game 3559: 300 pieces, 140 lines, attack 115 (134 ms/piece) — 561/3000 games, 59.0 positions/s overall
game 3562: 300 pieces, 176 lines, attack 133 (122 ms/piece) — 562/3000 games, 59.1 positions/s overall
game 3560: 300 pieces, 146 lines, attack 113 (138 ms/piece) — 563/3000 games, 59.2 positions/s overall
game 3561: 300 pieces, 150 lines, attack 124 (143 ms/piece) — 564/3000 games, 59.3 positions/s overall
game 3569: 31 pieces, 9 lines, attack 3, died (85 ms/piece) — 565/3000 games, 59.3 positions/s overall
game 3567: 80 pieces, 34 lines, attack 18, died (116 ms/piece) — 566/3000 games, 59.3 positions/s overall
game 3565: 300 pieces, 162 lines, attack 95 (100 ms/piece) — 567/3000 games, 59.1 positions/s overall
game 3564: 300 pieces, 153 lines, attack 135 (143 ms/piece) — 568/3000 games, 58.9 positions/s overall
game 3566: 300 pieces, 163 lines, attack 119 (137 ms/piece) — 569/3000 games, 59.0 positions/s overall
game 3571: 300 pieces, 157 lines, attack 119 (119 ms/piece) — 570/3000 games, 59.0 positions/s overall
game 3568: 300 pieces, 154 lines, attack 129 (136 ms/piece) — 571/3000 games, 59.1 positions/s overall
game 3570: 300 pieces, 154 lines, attack 105 (127 ms/piece) — 572/3000 games, 59.2 positions/s overall
game 3577: 33 pieces, 9 lines, attack 4, died (63 ms/piece) — 573/3000 games, 59.2 positions/s overall
game 3572: 300 pieces, 154 lines, attack 108 (127 ms/piece) — 574/3000 games, 59.3 positions/s overall
game 3573: 300 pieces, 163 lines, attack 150 (132 ms/piece) — 575/3000 games, 59.3 positions/s overall
game 3576: 146 pieces, 78 lines, attack 67, died (124 ms/piece) — 576/3000 games, 59.2 positions/s overall
game 3574: 300 pieces, 143 lines, attack 115 (111 ms/piece) — 577/3000 games, 59.3 positions/s overall
game 3584: 133 pieces, 59 lines, attack 41, died (98 ms/piece) — 578/3000 games, 59.1 positions/s overall
game 3575: 300 pieces, 156 lines, attack 142 (135 ms/piece) — 579/3000 games, 59.1 positions/s overall
game 3579: 300 pieces, 169 lines, attack 138 (125 ms/piece) — 580/3000 games, 59.0 positions/s overall
game 3578: 300 pieces, 153 lines, attack 119 (132 ms/piece) — 581/3000 games, 59.1 positions/s overall
game 3580: 300 pieces, 158 lines, attack 117 (130 ms/piece) — 582/3000 games, 59.2 positions/s overall
game 3582: 300 pieces, 149 lines, attack 128 (127 ms/piece) — 583/3000 games, 59.3 positions/s overall
game 3581: 300 pieces, 157 lines, attack 148 (139 ms/piece) — 584/3000 games, 59.3 positions/s overall
game 3583: 300 pieces, 160 lines, attack 150 (130 ms/piece) — 585/3000 games, 59.3 positions/s overall
game 3592: 65 pieces, 25 lines, attack 20, died (134 ms/piece) — 586/3000 games, 59.1 positions/s overall
game 3585: 300 pieces, 157 lines, attack 141 (127 ms/piece) — 587/3000 games, 59.1 positions/s overall
game 3588: 216 pieces, 104 lines, attack 91, died (127 ms/piece) — 588/3000 games, 59.2 positions/s overall
game 3586: 300 pieces, 150 lines, attack 124 (136 ms/piece) — 589/3000 games, 59.2 positions/s overall
game 3587: 300 pieces, 139 lines, attack 105 (137 ms/piece) — 590/3000 games, 59.1 positions/s overall
game 3589: 300 pieces, 158 lines, attack 141 (141 ms/piece) — 591/3000 games, 59.1 positions/s overall
game 3590: 300 pieces, 158 lines, attack 139 (137 ms/piece) — 592/3000 games, 59.2 positions/s overall
game 3597: 51 pieces, 19 lines, attack 13, died (123 ms/piece) — 593/3000 games, 59.2 positions/s overall
game 3593: 171 pieces, 87 lines, attack 86, died (152 ms/piece) — 594/3000 games, 59.3 positions/s overall
game 3591: 300 pieces, 145 lines, attack 116 (146 ms/piece) — 595/3000 games, 59.3 positions/s overall
game 3594: 300 pieces, 150 lines, attack 113 (124 ms/piece) — 596/3000 games, 59.2 positions/s overall
game 3595: 300 pieces, 174 lines, attack 151 (130 ms/piece) — 597/3000 games, 59.2 positions/s overall
game 3596: 300 pieces, 146 lines, attack 118 (156 ms/piece) — 598/3000 games, 59.0 positions/s overall
game 3599: 300 pieces, 144 lines, attack 124 (139 ms/piece) — 599/3000 games, 59.0 positions/s overall
game 3598: 300 pieces, 153 lines, attack 137 (142 ms/piece) — 600/3000 games, 59.1 positions/s overall
game 3600: 300 pieces, 160 lines, attack 132 (138 ms/piece) — 601/3000 games, 59.2 positions/s overall
game 3601: 300 pieces, 157 lines, attack 108 (134 ms/piece) — 602/3000 games, 59.3 positions/s overall
game 3602: 300 pieces, 150 lines, attack 116 (139 ms/piece) — 603/3000 games, 59.3 positions/s overall
game 3603: 300 pieces, 164 lines, attack 132 (116 ms/piece) — 604/3000 games, 59.3 positions/s overall
game 3604: 300 pieces, 168 lines, attack 128 (126 ms/piece) — 605/3000 games, 59.2 positions/s overall
game 3605: 300 pieces, 148 lines, attack 111 (125 ms/piece) — 606/3000 games, 59.1 positions/s overall
game 3611: 188 pieces, 90 lines, attack 88, died (122 ms/piece) — 607/3000 games, 59.1 positions/s overall
game 3609: 300 pieces, 158 lines, attack 123 (127 ms/piece) — 608/3000 games, 59.1 positions/s overall
game 3607: 300 pieces, 152 lines, attack 137 (136 ms/piece) — 609/3000 games, 59.1 positions/s overall
game 3608: 300 pieces, 157 lines, attack 127 (134 ms/piece) — 610/3000 games, 59.2 positions/s overall
game 3610: 300 pieces, 140 lines, attack 121 (126 ms/piece) — 611/3000 games, 59.3 positions/s overall
game 3606: 300 pieces, 154 lines, attack 142 (143 ms/piece) — 612/3000 games, 59.4 positions/s overall
game 3619: 21 pieces, 5 lines, attack 3, died (138 ms/piece) — 613/3000 games, 59.4 positions/s overall
game 3615: 115 pieces, 54 lines, attack 42, died (142 ms/piece) — 614/3000 games, 59.2 positions/s overall
game 3612: 300 pieces, 144 lines, attack 127 (142 ms/piece) — 615/3000 games, 59.2 positions/s overall
game 3614: 300 pieces, 147 lines, attack 111 (120 ms/piece) — 616/3000 games, 59.1 positions/s overall
game 3613: 300 pieces, 137 lines, attack 106 (131 ms/piece) — 617/3000 games, 59.2 positions/s overall
game 3616: 300 pieces, 166 lines, attack 140 (133 ms/piece) — 618/3000 games, 59.1 positions/s overall
game 3617: 300 pieces, 147 lines, attack 127 (135 ms/piece) — 619/3000 games, 59.2 positions/s overall
game 3618: 300 pieces, 147 lines, attack 121 (135 ms/piece) — 620/3000 games, 59.3 positions/s overall
game 3620: 300 pieces, 152 lines, attack 120 (128 ms/piece) — 621/3000 games, 59.3 positions/s overall
game 3624: 173 pieces, 80 lines, attack 52, died (117 ms/piece) — 622/3000 games, 59.3 positions/s overall
game 3621: 300 pieces, 140 lines, attack 122 (139 ms/piece) — 623/3000 games, 59.2 positions/s overall
game 3622: 300 pieces, 165 lines, attack 125 (128 ms/piece) — 624/3000 games, 59.3 positions/s overall
game 3623: 300 pieces, 151 lines, attack 116 (116 ms/piece) — 625/3000 games, 59.3 positions/s overall
game 3626: 300 pieces, 150 lines, attack 136 (130 ms/piece) — 626/3000 games, 59.1 positions/s overall
game 3625: 300 pieces, 163 lines, attack 139 (133 ms/piece) — 627/3000 games, 59.2 positions/s overall
game 3627: 300 pieces, 155 lines, attack 141 (137 ms/piece) — 628/3000 games, 59.2 positions/s overall
game 3628: 300 pieces, 146 lines, attack 113 (132 ms/piece) — 629/3000 games, 59.3 positions/s overall
game 3629: 300 pieces, 167 lines, attack 118 (140 ms/piece) — 630/3000 games, 59.2 positions/s overall
game 3631: 254 pieces, 130 lines, attack 108, died (133 ms/piece) — 631/3000 games, 59.3 positions/s overall
game 3630: 300 pieces, 149 lines, attack 114 (132 ms/piece) — 632/3000 games, 59.3 positions/s overall
game 3632: 300 pieces, 156 lines, attack 124 (120 ms/piece) — 633/3000 games, 59.4 positions/s overall
game 3633: 300 pieces, 166 lines, attack 117 (120 ms/piece) — 634/3000 games, 59.1 positions/s overall
game 3634: 300 pieces, 166 lines, attack 134 (140 ms/piece) — 635/3000 games, 59.1 positions/s overall
game 3635: 300 pieces, 143 lines, attack 120 (137 ms/piece) — 636/3000 games, 59.2 positions/s overall
game 3636: 300 pieces, 154 lines, attack 135 (138 ms/piece) — 637/3000 games, 59.3 positions/s overall
game 3637: 300 pieces, 177 lines, attack 158 (133 ms/piece) — 638/3000 games, 59.2 positions/s overall
game 3638: 300 pieces, 148 lines, attack 129 (136 ms/piece) — 639/3000 games, 59.3 positions/s overall
game 3640: 300 pieces, 143 lines, attack 113 (119 ms/piece) — 640/3000 games, 59.4 positions/s overall
game 3639: 300 pieces, 154 lines, attack 133 (132 ms/piece) — 641/3000 games, 59.5 positions/s overall
game 3641: 300 pieces, 158 lines, attack 135 (128 ms/piece) — 642/3000 games, 59.2 positions/s overall
game 3648: 176 pieces, 72 lines, attack 72, died (130 ms/piece) — 643/3000 games, 59.2 positions/s overall
game 3643: 300 pieces, 162 lines, attack 132 (121 ms/piece) — 644/3000 games, 59.2 positions/s overall
game 3644: 300 pieces, 133 lines, attack 113 (126 ms/piece) — 645/3000 games, 59.3 positions/s overall
game 3642: 300 pieces, 141 lines, attack 103 (134 ms/piece) — 646/3000 games, 59.4 positions/s overall
game 3647: 300 pieces, 149 lines, attack 133 (113 ms/piece) — 647/3000 games, 59.4 positions/s overall
game 3645: 300 pieces, 149 lines, attack 121 (126 ms/piece) — 648/3000 games, 59.4 positions/s overall
game 3646: 300 pieces, 154 lines, attack 121 (127 ms/piece) — 649/3000 games, 59.5 positions/s overall
game 3649: 300 pieces, 158 lines, attack 132 (134 ms/piece) — 650/3000 games, 59.2 positions/s overall
game 3651: 300 pieces, 171 lines, attack 160 (125 ms/piece) — 651/3000 games, 59.2 positions/s overall
game 3650: 300 pieces, 137 lines, attack 114 (137 ms/piece) — 652/3000 games, 59.3 positions/s overall
game 3652: 300 pieces, 162 lines, attack 120 (128 ms/piece) — 653/3000 games, 59.3 positions/s overall
game 3653: 300 pieces, 158 lines, attack 110 (131 ms/piece) — 654/3000 games, 59.4 positions/s overall
game 3654: 300 pieces, 166 lines, attack 152 (113 ms/piece) — 655/3000 games, 59.5 positions/s overall
game 3656: 300 pieces, 156 lines, attack 114 (122 ms/piece) — 656/3000 games, 59.5 positions/s overall
game 3655: 300 pieces, 161 lines, attack 109 (129 ms/piece) — 657/3000 games, 59.6 positions/s overall
game 3660: 161 pieces, 84 lines, attack 63, died (122 ms/piece) — 658/3000 games, 59.4 positions/s overall
game 3657: 300 pieces, 157 lines, attack 112 (126 ms/piece) — 659/3000 games, 59.3 positions/s overall
game 3662: 254 pieces, 126 lines, attack 108, died (116 ms/piece) — 660/3000 games, 59.3 positions/s overall
game 3661: 300 pieces, 167 lines, attack 103 (115 ms/piece) — 661/3000 games, 59.4 positions/s overall
game 3658: 300 pieces, 158 lines, attack 124 (132 ms/piece) — 662/3000 games, 59.4 positions/s overall
game 3659: 300 pieces, 152 lines, attack 137 (140 ms/piece) — 663/3000 games, 59.5 positions/s overall
game 3669: 75 pieces, 41 lines, attack 37, died (115 ms/piece) — 664/3000 games, 59.4 positions/s overall
game 3664: 300 pieces, 155 lines, attack 112 (133 ms/piece) — 665/3000 games, 59.5 positions/s overall
game 3663: 300 pieces, 147 lines, attack 129 (142 ms/piece) — 666/3000 games, 59.5 positions/s overall
game 3673: 92 pieces, 46 lines, attack 30, died (84 ms/piece) — 667/3000 games, 59.4 positions/s overall
game 3665: 300 pieces, 152 lines, attack 135 (138 ms/piece) — 668/3000 games, 59.4 positions/s overall
game 3667: 300 pieces, 150 lines, attack 152 (127 ms/piece) — 669/3000 games, 59.3 positions/s overall
game 3666: 300 pieces, 170 lines, attack 140 (136 ms/piece) — 670/3000 games, 59.4 positions/s overall
game 3668: 300 pieces, 155 lines, attack 119 (138 ms/piece) — 671/3000 games, 59.4 positions/s overall
game 3674: 169 pieces, 85 lines, attack 79, died (130 ms/piece) — 672/3000 games, 59.4 positions/s overall
game 3671: 300 pieces, 162 lines, attack 113 (125 ms/piece) — 673/3000 games, 59.4 positions/s overall
game 3670: 300 pieces, 148 lines, attack 131 (146 ms/piece) — 674/3000 games, 59.5 positions/s overall
game 3672: 300 pieces, 156 lines, attack 115 (130 ms/piece) — 675/3000 games, 59.6 positions/s overall
game 3680: 43 pieces, 14 lines, attack 8, died (107 ms/piece) — 676/3000 games, 59.6 positions/s overall
game 3675: 211 pieces, 91 lines, attack 72, died (132 ms/piece) — 677/3000 games, 59.6 positions/s overall
game 3676: 193 pieces, 90 lines, attack 80, died (117 ms/piece) — 678/3000 games, 59.6 positions/s overall
game 3677: 300 pieces, 160 lines, attack 143 (136 ms/piece) — 679/3000 games, 59.3 positions/s overall
game 3679: 300 pieces, 184 lines, attack 145 (127 ms/piece) — 680/3000 games, 59.3 positions/s overall
game 3678: 300 pieces, 159 lines, attack 137 (134 ms/piece) — 681/3000 games, 59.4 positions/s overall
game 3681: 281 pieces, 140 lines, attack 115, died (126 ms/piece) — 682/3000 games, 59.4 positions/s overall
game 3682: 300 pieces, 152 lines, attack 125 (130 ms/piece) — 683/3000 games, 59.4 positions/s overall
game 3685: 300 pieces, 155 lines, attack 122 (113 ms/piece) — 684/3000 games, 59.5 positions/s overall
game 3684: 300 pieces, 148 lines, attack 102 (130 ms/piece) — 685/3000 games, 59.6 positions/s overall
game 3683: 300 pieces, 149 lines, attack 103 (135 ms/piece) — 686/3000 games, 59.7 positions/s overall
game 3686: 300 pieces, 161 lines, attack 131 (126 ms/piece) — 687/3000 games, 59.3 positions/s overall
game 3688: 300 pieces, 156 lines, attack 117 (118 ms/piece) — 688/3000 games, 59.4 positions/s overall
game 3687: 300 pieces, 159 lines, attack 138 (132 ms/piece) — 689/3000 games, 59.4 positions/s overall
game 3695: 34 pieces, 7 lines, attack 2, died (120 ms/piece) — 690/3000 games, 59.4 positions/s overall
game 3689: 300 pieces, 162 lines, attack 143 (131 ms/piece) — 691/3000 games, 59.5 positions/s overall
game 3697: 43 pieces, 12 lines, attack 5, died (95 ms/piece) — 692/3000 games, 59.5 positions/s overall
game 3691: 300 pieces, 155 lines, attack 144 (120 ms/piece) — 693/3000 games, 59.5 positions/s overall
game 3690: 300 pieces, 164 lines, attack 147 (131 ms/piece) — 694/3000 games, 59.6 positions/s overall
game 3692: 300 pieces, 145 lines, attack 126 (134 ms/piece) — 695/3000 games, 59.6 positions/s overall
game 3693: 300 pieces, 165 lines, attack 140 (134 ms/piece) — 696/3000 games, 59.7 positions/s overall
game 3694: 256 pieces, 126 lines, attack 97, died (124 ms/piece) — 697/3000 games, 59.5 positions/s overall
game 3700: 300 pieces, 138 lines, attack 111 (115 ms/piece) — 698/3000 games, 59.3 positions/s overall
game 3696: 300 pieces, 159 lines, attack 153 (135 ms/piece) — 699/3000 games, 59.4 positions/s overall
game 3698: 300 pieces, 170 lines, attack 119 (131 ms/piece) — 700/3000 games, 59.5 positions/s overall
game 3699: 300 pieces, 174 lines, attack 113 (125 ms/piece) — 701/3000 games, 59.6 positions/s overall
game 3701: 300 pieces, 162 lines, attack 122 (133 ms/piece) — 702/3000 games, 59.6 positions/s overall
game 3703: 300 pieces, 156 lines, attack 134 (127 ms/piece) — 703/3000 games, 59.6 positions/s overall
game 3702: 300 pieces, 152 lines, attack 129 (132 ms/piece) — 704/3000 games, 59.7 positions/s overall
game 3706: 164 pieces, 79 lines, attack 63, died (130 ms/piece) — 705/3000 games, 59.6 positions/s overall
game 3704: 300 pieces, 141 lines, attack 111 (143 ms/piece) — 706/3000 games, 59.5 positions/s overall
game 3705: 300 pieces, 166 lines, attack 151 (122 ms/piece) — 707/3000 games, 59.5 positions/s overall
game 3707: 300 pieces, 161 lines, attack 137 (134 ms/piece) — 708/3000 games, 59.5 positions/s overall
game 3708: 300 pieces, 178 lines, attack 164 (142 ms/piece) — 709/3000 games, 59.5 positions/s overall
game 3711: 300 pieces, 155 lines, attack 126 (132 ms/piece) — 710/3000 games, 59.5 positions/s overall
game 3710: 300 pieces, 141 lines, attack 125 (136 ms/piece) — 711/3000 games, 59.6 positions/s overall
game 3709: 300 pieces, 157 lines, attack 130 (143 ms/piece) — 712/3000 games, 59.7 positions/s overall
game 3712: 300 pieces, 163 lines, attack 137 (143 ms/piece) — 713/3000 games, 59.5 positions/s overall
game 3713: 300 pieces, 160 lines, attack 98 (126 ms/piece) — 714/3000 games, 59.6 positions/s overall
game 3714: 300 pieces, 148 lines, attack 131 (123 ms/piece) — 715/3000 games, 59.5 positions/s overall
game 3715: 300 pieces, 137 lines, attack 108 (138 ms/piece) — 716/3000 games, 59.4 positions/s overall
game 3716: 300 pieces, 174 lines, attack 164 (130 ms/piece) — 717/3000 games, 59.5 positions/s overall
game 3717: 300 pieces, 167 lines, attack 120 (130 ms/piece) — 718/3000 games, 59.5 positions/s overall
game 3718: 300 pieces, 158 lines, attack 153 (143 ms/piece) — 719/3000 games, 59.5 positions/s overall
game 3719: 300 pieces, 153 lines, attack 120 (147 ms/piece) — 720/3000 games, 59.6 positions/s overall
game 3720: 300 pieces, 147 lines, attack 141 (146 ms/piece) — 721/3000 games, 59.4 positions/s overall
game 3721: 300 pieces, 153 lines, attack 130 (147 ms/piece) — 722/3000 games, 59.5 positions/s overall
game 3722: 300 pieces, 161 lines, attack 134 (131 ms/piece) — 723/3000 games, 59.5 positions/s overall
game 3728: 96 pieces, 54 lines, attack 41, died (134 ms/piece) — 724/3000 games, 59.4 positions/s overall
game 3723: 300 pieces, 155 lines, attack 121 (133 ms/piece) — 725/3000 games, 59.5 positions/s overall
game 3724: 300 pieces, 158 lines, attack 118 (137 ms/piece) — 726/3000 games, 59.6 positions/s overall
game 3725: 300 pieces, 157 lines, attack 133 (134 ms/piece) — 727/3000 games, 59.6 positions/s overall
game 3726: 300 pieces, 166 lines, attack 136 (133 ms/piece) — 728/3000 games, 59.6 positions/s overall
game 3727: 300 pieces, 149 lines, attack 120 (138 ms/piece) — 729/3000 games, 59.6 positions/s overall
game 3735: 104 pieces, 57 lines, attack 46, died (135 ms/piece) — 730/3000 games, 59.4 positions/s overall
game 3729: 300 pieces, 166 lines, attack 123 (129 ms/piece) — 731/3000 games, 59.5 positions/s overall
game 3730: 300 pieces, 155 lines, attack 128 (122 ms/piece) — 732/3000 games, 59.6 positions/s overall
game 3732: 300 pieces, 155 lines, attack 115 (134 ms/piece) — 733/3000 games, 59.4 positions/s overall
game 3731: 300 pieces, 162 lines, attack 153 (140 ms/piece) — 734/3000 games, 59.5 positions/s overall
game 3733: 300 pieces, 153 lines, attack 122 (138 ms/piece) — 735/3000 games, 59.6 positions/s overall
game 3734: 300 pieces, 151 lines, attack 111 (133 ms/piece) — 736/3000 games, 59.6 positions/s overall
game 3736: 300 pieces, 135 lines, attack 106 (136 ms/piece) — 737/3000 games, 59.5 positions/s overall
game 3739: 300 pieces, 154 lines, attack 129 (110 ms/piece) — 738/3000 games, 59.5 positions/s overall
game 3737: 300 pieces, 144 lines, attack 114 (137 ms/piece) — 739/3000 games, 59.5 positions/s overall
game 3738: 300 pieces, 168 lines, attack 122 (145 ms/piece) — 740/3000 games, 59.5 positions/s overall
game 3741: 300 pieces, 155 lines, attack 126 (128 ms/piece) — 741/3000 games, 59.5 positions/s overall
game 3740: 300 pieces, 151 lines, attack 117 (136 ms/piece) — 742/3000 games, 59.5 positions/s overall
game 3742: 300 pieces, 154 lines, attack 136 (133 ms/piece) — 743/3000 games, 59.6 positions/s overall
game 3743: 300 pieces, 174 lines, attack 137 (122 ms/piece) — 744/3000 games, 59.7 positions/s overall
game 3744: 300 pieces, 141 lines, attack 118 (128 ms/piece) — 745/3000 games, 59.6 positions/s overall
game 3745: 300 pieces, 145 lines, attack 138 (120 ms/piece) — 746/3000 games, 59.6 positions/s overall
game 3749: 147 pieces, 59 lines, attack 60, died (141 ms/piece) — 747/3000 games, 59.5 positions/s overall
game 3746: 300 pieces, 158 lines, attack 111 (128 ms/piece) — 748/3000 games, 59.6 positions/s overall
game 3747: 290 pieces, 148 lines, attack 109, died (125 ms/piece) — 749/3000 games, 59.6 positions/s overall
game 3748: 300 pieces, 159 lines, attack 127 (128 ms/piece) — 750/3000 games, 59.5 positions/s overall
game 3751: 300 pieces, 158 lines, attack 126 (130 ms/piece) — 751/3000 games, 59.5 positions/s overall
game 3750: 300 pieces, 166 lines, attack 123 (131 ms/piece) — 752/3000 games, 59.6 positions/s overall
game 3753: 300 pieces, 157 lines, attack 113 (99 ms/piece) — 753/3000 games, 59.7 positions/s overall
game 3752: 300 pieces, 150 lines, attack 127 (130 ms/piece) — 754/3000 games, 59.6 positions/s overall
game 3754: 300 pieces, 144 lines, attack 125 (126 ms/piece) — 755/3000 games, 59.6 positions/s overall
game 3755: 300 pieces, 160 lines, attack 120 (123 ms/piece) — 756/3000 games, 59.6 positions/s overall
game 3756: 300 pieces, 156 lines, attack 121 (126 ms/piece) — 757/3000 games, 59.7 positions/s overall
game 3758: 192 pieces, 97 lines, attack 85, died (133 ms/piece) — 758/3000 games, 59.7 positions/s overall
game 3760: 257 pieces, 139 lines, attack 122, died (111 ms/piece) — 759/3000 games, 59.6 positions/s overall
game 3757: 300 pieces, 168 lines, attack 139 (129 ms/piece) — 760/3000 games, 59.7 positions/s overall
game 3759: 300 pieces, 146 lines, attack 114 (133 ms/piece) — 761/3000 games, 59.7 positions/s overall
game 3761: 300 pieces, 162 lines, attack 146 (142 ms/piece) — 762/3000 games, 59.6 positions/s overall
game 3762: 300 pieces, 146 lines, attack 103 (136 ms/piece) — 763/3000 games, 59.5 positions/s overall
game 3764: 300 pieces, 162 lines, attack 134 (128 ms/piece) — 764/3000 games, 59.6 positions/s overall
game 3763: 300 pieces, 152 lines, attack 127 (140 ms/piece) — 765/3000 games, 59.7 positions/s overall
game 3766: 300 pieces, 172 lines, attack 126 (98 ms/piece) — 766/3000 games, 59.7 positions/s overall
game 3771: 38 pieces, 7 lines, attack 3, died (112 ms/piece) — 767/3000 games, 59.7 positions/s overall
game 3765: 300 pieces, 164 lines, attack 143 (132 ms/piece) — 768/3000 games, 59.8 positions/s overall
game 3767: 300 pieces, 144 lines, attack 127 (120 ms/piece) — 769/3000 games, 59.8 positions/s overall
game 3768: 300 pieces, 161 lines, attack 127 (126 ms/piece) — 770/3000 games, 59.7 positions/s overall
game 3769: 300 pieces, 157 lines, attack 142 (128 ms/piece) — 771/3000 games, 59.6 positions/s overall
game 3770: 300 pieces, 157 lines, attack 127 (128 ms/piece) — 772/3000 games, 59.6 positions/s overall
game 3773: 300 pieces, 154 lines, attack 130 (123 ms/piece) — 773/3000 games, 59.6 positions/s overall
game 3772: 300 pieces, 163 lines, attack 115 (143 ms/piece) — 774/3000 games, 59.6 positions/s overall
game 3774: 300 pieces, 156 lines, attack 136 (134 ms/piece) — 775/3000 games, 59.7 positions/s overall
game 3775: 300 pieces, 149 lines, attack 121 (145 ms/piece) — 776/3000 games, 59.7 positions/s overall
game 3776: 300 pieces, 157 lines, attack 143 (132 ms/piece) — 777/3000 games, 59.8 positions/s overall
game 3777: 300 pieces, 152 lines, attack 120 (151 ms/piece) — 778/3000 games, 59.6 positions/s overall
game 3784: 123 pieces, 64 lines, attack 49, died (137 ms/piece) — 779/3000 games, 59.6 positions/s overall
game 3778: 300 pieces, 148 lines, attack 97 (130 ms/piece) — 780/3000 games, 59.7 positions/s overall
game 3780: 300 pieces, 165 lines, attack 135 (114 ms/piece) — 781/3000 games, 59.7 positions/s overall
game 3779: 300 pieces, 155 lines, attack 135 (132 ms/piece) — 782/3000 games, 59.7 positions/s overall
game 3782: 300 pieces, 151 lines, attack 116 (141 ms/piece) — 783/3000 games, 59.6 positions/s overall
game 3781: 300 pieces, 153 lines, attack 122 (146 ms/piece) — 784/3000 games, 59.7 positions/s overall
game 3791: 17 pieces, 2 lines, attack 0, died (102 ms/piece) — 785/3000 games, 59.7 positions/s overall
game 3783: 295 pieces, 151 lines, attack 120, died (139 ms/piece) — 786/3000 games, 59.7 positions/s overall
game 3788: 210 pieces, 104 lines, attack 72, died (130 ms/piece) — 787/3000 games, 59.6 positions/s overall
game 3786: 256 pieces, 126 lines, attack 115, died (149 ms/piece) — 788/3000 games, 59.6 positions/s overall
game 3785: 300 pieces, 150 lines, attack 111 (151 ms/piece) — 789/3000 games, 59.6 positions/s overall
game 3787: 300 pieces, 148 lines, attack 151 (147 ms/piece) — 790/3000 games, 59.6 positions/s overall
game 3793: 203 pieces, 101 lines, attack 76, died (123 ms/piece) — 791/3000 games, 59.7 positions/s overall
game 3789: 300 pieces, 166 lines, attack 153 (148 ms/piece) — 792/3000 games, 59.7 positions/s overall
game 3792: 300 pieces, 146 lines, attack 101 (135 ms/piece) — 793/3000 games, 59.6 positions/s overall
game 3797: 149 pieces, 66 lines, attack 56, died (119 ms/piece) — 794/3000 games, 59.6 positions/s overall
game 3790: 300 pieces, 155 lines, attack 123 (147 ms/piece) — 795/3000 games, 59.7 positions/s overall
game 3794: 300 pieces, 158 lines, attack 128 (116 ms/piece) — 796/3000 games, 59.7 positions/s overall
game 3795: 288 pieces, 142 lines, attack 123, died (135 ms/piece) — 797/3000 games, 59.7 positions/s overall
game 3796: 300 pieces, 131 lines, attack 122 (136 ms/piece) — 798/3000 games, 59.6 positions/s overall
game 3798: 300 pieces, 169 lines, attack 118 (131 ms/piece) — 799/3000 games, 59.6 positions/s overall
game 3799: 300 pieces, 150 lines, attack 105 (138 ms/piece) — 800/3000 games, 59.6 positions/s overall
game 3803: 300 pieces, 146 lines, attack 107 (116 ms/piece) — 801/3000 games, 59.6 positions/s overall
game 3800: 300 pieces, 165 lines, attack 138 (133 ms/piece) — 802/3000 games, 59.6 positions/s overall
game 3802: 300 pieces, 171 lines, attack 157 (134 ms/piece) — 803/3000 games, 59.7 positions/s overall
game 3801: 300 pieces, 158 lines, attack 157 (143 ms/piece) — 804/3000 games, 59.7 positions/s overall
game 3804: 300 pieces, 157 lines, attack 117 (133 ms/piece) — 805/3000 games, 59.7 positions/s overall
game 3805: 300 pieces, 166 lines, attack 130 (136 ms/piece) — 806/3000 games, 59.6 positions/s overall
game 3806: 300 pieces, 136 lines, attack 110 (135 ms/piece) — 807/3000 games, 59.6 positions/s overall
game 3807: 300 pieces, 158 lines, attack 144 (133 ms/piece) — 808/3000 games, 59.6 positions/s overall
game 3808: 300 pieces, 134 lines, attack 114 (120 ms/piece) — 809/3000 games, 59.6 positions/s overall
game 3809: 300 pieces, 162 lines, attack 133 (134 ms/piece) — 810/3000 games, 59.6 positions/s overall
game 3811: 300 pieces, 154 lines, attack 107 (128 ms/piece) — 811/3000 games, 59.7 positions/s overall
game 3810: 300 pieces, 149 lines, attack 118 (140 ms/piece) — 812/3000 games, 59.7 positions/s overall
game 3812: 300 pieces, 136 lines, attack 114 (136 ms/piece) — 813/3000 games, 59.6 positions/s overall
game 3814: 300 pieces, 165 lines, attack 144 (124 ms/piece) — 814/3000 games, 59.6 positions/s overall
game 3813: 300 pieces, 153 lines, attack 112 (141 ms/piece) — 815/3000 games, 59.7 positions/s overall
game 3822: 60 pieces, 17 lines, attack 19, died (103 ms/piece) — 816/3000 games, 59.6 positions/s overall
game 3815: 300 pieces, 170 lines, attack 152 (132 ms/piece) — 817/3000 games, 59.6 positions/s overall
game 3816: 300 pieces, 143 lines, attack 122 (123 ms/piece) — 818/3000 games, 59.7 positions/s overall
game 3817: 300 pieces, 161 lines, attack 127 (123 ms/piece) — 819/3000 games, 59.7 positions/s overall
game 3823: 74 pieces, 26 lines, attack 21, died (115 ms/piece) — 820/3000 games, 59.7 positions/s overall
game 3821: 165 pieces, 72 lines, attack 59, died (114 ms/piece) — 821/3000 games, 59.7 positions/s overall
game 3819: 300 pieces, 139 lines, attack 127 (128 ms/piece) — 822/3000 games, 59.8 positions/s overall
game 3818: 300 pieces, 139 lines, attack 115 (134 ms/piece) — 823/3000 games, 59.8 positions/s overall
game 3820: 300 pieces, 151 lines, attack 152 (141 ms/piece) — 824/3000 games, 59.7 positions/s overall
game 3825: 300 pieces, 155 lines, attack 136 (130 ms/piece) — 825/3000 games, 59.5 positions/s overall
game 3824: 300 pieces, 163 lines, attack 137 (132 ms/piece) — 826/3000 games, 59.6 positions/s overall
game 3828: 231 pieces, 119 lines, attack 90, died (140 ms/piece) — 827/3000 games, 59.7 positions/s overall
game 3826: 300 pieces, 144 lines, attack 109 (144 ms/piece) — 828/3000 games, 59.6 positions/s overall
game 3827: 300 pieces, 159 lines, attack 148 (144 ms/piece) — 829/3000 games, 59.7 positions/s overall
game 3830: 300 pieces, 154 lines, attack 125 (139 ms/piece) — 830/3000 games, 59.7 positions/s overall
game 3829: 300 pieces, 166 lines, attack 138 (144 ms/piece) — 831/3000 games, 59.8 positions/s overall
game 3831: 300 pieces, 153 lines, attack 150 (139 ms/piece) — 832/3000 games, 59.7 positions/s overall
game 3838: 110 pieces, 53 lines, attack 41, died (124 ms/piece) — 833/3000 games, 59.7 positions/s overall
game 3832: 300 pieces, 146 lines, attack 133 (122 ms/piece) — 834/3000 games, 59.6 positions/s overall
game 3833: 298 pieces, 141 lines, attack 119, died (131 ms/piece) — 835/3000 games, 59.6 positions/s overall
game 3834: 300 pieces, 162 lines, attack 138 (134 ms/piece) — 836/3000 games, 59.7 positions/s overall
game 3836: 300 pieces, 151 lines, attack 138 (133 ms/piece) — 837/3000 games, 59.7 positions/s overall
game 3835: 300 pieces, 154 lines, attack 123 (135 ms/piece) — 838/3000 games, 59.7 positions/s overall
game 3837: 300 pieces, 157 lines, attack 112 (122 ms/piece) — 839/3000 games, 59.8 positions/s overall
game 3841: 180 pieces, 85 lines, attack 70, died (123 ms/piece) — 840/3000 games, 59.7 positions/s overall
game 3844: 86 pieces, 39 lines, attack 41, died (127 ms/piece) — 841/3000 games, 59.7 positions/s overall
game 3840: 300 pieces, 161 lines, attack 141 (123 ms/piece) — 842/3000 games, 59.7 positions/s overall
game 3839: 300 pieces, 149 lines, attack 133 (142 ms/piece) — 843/3000 games, 59.7 positions/s overall
game 3842: 300 pieces, 141 lines, attack 127 (136 ms/piece) — 844/3000 games, 59.6 positions/s overall
game 3843: 300 pieces, 151 lines, attack 116 (131 ms/piece) — 845/3000 games, 59.7 positions/s overall
game 3845: 300 pieces, 158 lines, attack 136 (127 ms/piece) — 846/3000 games, 59.7 positions/s overall
game 3846: 300 pieces, 155 lines, attack 121 (131 ms/piece) — 847/3000 games, 59.7 positions/s overall
game 3851: 70 pieces, 27 lines, attack 24, died (144 ms/piece) — 848/3000 games, 59.7 positions/s overall
game 3847: 300 pieces, 168 lines, attack 137 (110 ms/piece) — 849/3000 games, 59.8 positions/s overall
game 3848: 300 pieces, 168 lines, attack 150 (135 ms/piece) — 850/3000 games, 59.7 positions/s overall
game 3849: 300 pieces, 146 lines, attack 128 (141 ms/piece) — 851/3000 games, 59.7 positions/s overall
game 3850: 300 pieces, 183 lines, attack 151 (139 ms/piece) — 852/3000 games, 59.7 positions/s overall
game 3852: 300 pieces, 154 lines, attack 130 (143 ms/piece) — 853/3000 games, 59.6 positions/s overall
game 3855: 252 pieces, 118 lines, attack 94, died (147 ms/piece) — 854/3000 games, 59.6 positions/s overall
game 3860: 46 pieces, 22 lines, attack 16, died (125 ms/piece) — 855/3000 games, 59.6 positions/s overall
game 3853: 300 pieces, 145 lines, attack 103 (143 ms/piece) — 856/3000 games, 59.6 positions/s overall
game 3856: 300 pieces, 136 lines, attack 100 (129 ms/piece) — 857/3000 games, 59.7 positions/s overall
game 3854: 300 pieces, 149 lines, attack 147 (145 ms/piece) — 858/3000 games, 59.8 positions/s overall
game 3857: 300 pieces, 151 lines, attack 111 (140 ms/piece) — 859/3000 games, 59.7 positions/s overall
game 3858: 300 pieces, 153 lines, attack 121 (139 ms/piece) — 860/3000 games, 59.7 positions/s overall
game 3866: 46 pieces, 18 lines, attack 16, died (153 ms/piece) — 861/3000 games, 59.7 positions/s overall
game 3859: 300 pieces, 147 lines, attack 116 (146 ms/piece) — 862/3000 games, 59.7 positions/s overall
game 3863: 300 pieces, 163 lines, attack 107 (119 ms/piece) — 863/3000 games, 59.6 positions/s overall
game 3861: 300 pieces, 158 lines, attack 123 (143 ms/piece) — 864/3000 games, 59.6 positions/s overall
game 3864: 300 pieces, 148 lines, attack 126 (134 ms/piece) — 865/3000 games, 59.7 positions/s overall
game 3862: 300 pieces, 145 lines, attack 105 (147 ms/piece) — 866/3000 games, 59.7 positions/s overall
game 3865: 300 pieces, 150 lines, attack 126 (148 ms/piece) — 867/3000 games, 59.7 positions/s overall
game 3872: 56 pieces, 15 lines, attack 10, died (119 ms/piece) — 868/3000 games, 59.7 positions/s overall
game 3868: 300 pieces, 162 lines, attack 132 (142 ms/piece) — 869/3000 games, 59.6 positions/s overall
game 3867: 300 pieces, 154 lines, attack 139 (150 ms/piece) — 870/3000 games, 59.6 positions/s overall
game 3869: 300 pieces, 166 lines, attack 138 (142 ms/piece) — 871/3000 games, 59.6 positions/s overall
game 3870: 300 pieces, 167 lines, attack 125 (159 ms/piece) — 872/3000 games, 59.5 positions/s overall
game 3871: 300 pieces, 149 lines, attack 133 (169 ms/piece) — 873/3000 games, 59.4 positions/s overall
game 3875: 300 pieces, 175 lines, attack 154 (152 ms/piece) — 874/3000 games, 59.5 positions/s overall
game 3873: 300 pieces, 149 lines, attack 117 (168 ms/piece) — 875/3000 games, 59.5 positions/s overall
game 3874: 300 pieces, 158 lines, attack 138 (164 ms/piece) — 876/3000 games, 59.6 positions/s overall
game 3876: 300 pieces, 147 lines, attack 106 (143 ms/piece) — 877/3000 games, 59.5 positions/s overall
game 3878: 300 pieces, 152 lines, attack 129 (146 ms/piece) — 878/3000 games, 59.5 positions/s overall
game 3877: 300 pieces, 147 lines, attack 138 (165 ms/piece) — 879/3000 games, 59.6 positions/s overall
game 3879: 300 pieces, 145 lines, attack 109 (139 ms/piece) — 880/3000 games, 59.5 positions/s overall
game 3881: 300 pieces, 144 lines, attack 126 (117 ms/piece) — 881/3000 games, 59.5 positions/s overall
game 3882: 300 pieces, 166 lines, attack 149 (120 ms/piece) — 882/3000 games, 59.5 positions/s overall
game 3880: 300 pieces, 159 lines, attack 130 (133 ms/piece) — 883/3000 games, 59.6 positions/s overall
game 3883: 300 pieces, 165 lines, attack 127 (121 ms/piece) — 884/3000 games, 59.6 positions/s overall
game 3884: 300 pieces, 147 lines, attack 123 (137 ms/piece) — 885/3000 games, 59.5 positions/s overall
game 3890: 152 pieces, 74 lines, attack 61, died (111 ms/piece) — 886/3000 games, 59.5 positions/s overall
game 3887: 179 pieces, 92 lines, attack 68, died (126 ms/piece) — 887/3000 games, 59.6 positions/s overall
game 3885: 300 pieces, 158 lines, attack 122 (125 ms/piece) — 888/3000 games, 59.6 positions/s overall
game 3891: 160 pieces, 76 lines, attack 45, died (121 ms/piece) — 889/3000 games, 59.6 positions/s overall
game 3886: 300 pieces, 137 lines, attack 117 (133 ms/piece) — 890/3000 games, 59.7 positions/s overall
game 3896: 27 pieces, 5 lines, attack 3, died (145 ms/piece) — 891/3000 games, 59.7 positions/s overall
game 3888: 234 pieces, 107 lines, attack 100, died (125 ms/piece) — 892/3000 games, 59.7 positions/s overall
game 3889: 300 pieces, 177 lines, attack 131 (131 ms/piece) — 893/3000 games, 59.6 positions/s overall
game 3894: 175 pieces, 79 lines, attack 86, died (130 ms/piece) — 894/3000 games, 59.6 positions/s overall
game 3897: 198 pieces, 92 lines, attack 91, died (136 ms/piece) — 895/3000 games, 59.5 positions/s overall
game 3895: 249 pieces, 137 lines, attack 121, died (128 ms/piece) — 896/3000 games, 59.6 positions/s overall
game 3892: 300 pieces, 150 lines, attack 121 (133 ms/piece) — 897/3000 games, 59.6 positions/s overall
game 3893: 300 pieces, 149 lines, attack 116 (146 ms/piece) — 898/3000 games, 59.6 positions/s overall
game 3899: 300 pieces, 155 lines, attack 127 (118 ms/piece) — 899/3000 games, 59.6 positions/s overall
game 3898: 300 pieces, 146 lines, attack 114 (137 ms/piece) — 900/3000 games, 59.6 positions/s overall
game 3901: 242 pieces, 125 lines, attack 89, died (125 ms/piece) — 901/3000 games, 59.6 positions/s overall
game 3908: 54 pieces, 19 lines, attack 14, died (102 ms/piece) — 902/3000 games, 59.6 positions/s overall
game 3900: 300 pieces, 164 lines, attack 137 (128 ms/piece) — 903/3000 games, 59.6 positions/s overall
game 3907: 135 pieces, 61 lines, attack 53, died (121 ms/piece) — 904/3000 games, 59.6 positions/s overall
game 3904: 232 pieces, 126 lines, attack 115, died (140 ms/piece) — 905/3000 games, 59.5 positions/s overall
game 3903: 300 pieces, 142 lines, attack 112 (131 ms/piece) — 906/3000 games, 59.6 positions/s overall
game 3902: 300 pieces, 146 lines, attack 119 (136 ms/piece) — 907/3000 games, 59.7 positions/s overall
game 3912: 17 pieces, 1 lines, attack 2, died (128 ms/piece) — 908/3000 games, 59.7 positions/s overall
game 3905: 300 pieces, 145 lines, attack 112 (127 ms/piece) — 909/3000 games, 59.6 positions/s overall
game 3906: 300 pieces, 152 lines, attack 130 (124 ms/piece) — 910/3000 games, 59.7 positions/s overall
game 3910: 300 pieces, 177 lines, attack 129 (112 ms/piece) — 911/3000 games, 59.6 positions/s overall
game 3911: 207 pieces, 103 lines, attack 103, died (136 ms/piece) — 912/3000 games, 59.6 positions/s overall
game 3909: 300 pieces, 151 lines, attack 113 (132 ms/piece) — 913/3000 games, 59.7 positions/s overall
game 3920: 70 pieces, 35 lines, attack 27, died (122 ms/piece) — 914/3000 games, 59.5 positions/s overall
game 3913: 300 pieces, 152 lines, attack 101 (119 ms/piece) — 915/3000 games, 59.6 positions/s overall
game 3915: 300 pieces, 154 lines, attack 123 (128 ms/piece) — 916/3000 games, 59.6 positions/s overall
game 3914: 300 pieces, 143 lines, attack 128 (137 ms/piece) — 917/3000 games, 59.7 positions/s overall
game 3917: 300 pieces, 143 lines, attack 118 (123 ms/piece) — 918/3000 games, 59.7 positions/s overall
game 3916: 300 pieces, 153 lines, attack 141 (139 ms/piece) — 919/3000 games, 59.7 positions/s overall
game 3919: 300 pieces, 164 lines, attack 134 (135 ms/piece) — 920/3000 games, 59.6 positions/s overall
game 3918: 300 pieces, 152 lines, attack 138 (136 ms/piece) — 921/3000 games, 59.7 positions/s overall
game 3925: 166 pieces, 73 lines, attack 65, died (114 ms/piece) — 922/3000 games, 59.6 positions/s overall
game 3924: 196 pieces, 91 lines, attack 62, died (121 ms/piece) — 923/3000 games, 59.7 positions/s overall
game 3921: 300 pieces, 152 lines, attack 122 (137 ms/piece) — 924/3000 games, 59.6 positions/s overall
game 3922: 300 pieces, 161 lines, attack 131 (143 ms/piece) — 925/3000 games, 59.6 positions/s overall
game 3923: 300 pieces, 160 lines, attack 141 (140 ms/piece) — 926/3000 games, 59.7 positions/s overall
game 3926: 235 pieces, 110 lines, attack 86, died (131 ms/piece) — 927/3000 games, 59.7 positions/s overall
game 3927: 300 pieces, 152 lines, attack 130 (121 ms/piece) — 928/3000 games, 59.6 positions/s overall
game 3929: 300 pieces, 144 lines, attack 136 (111 ms/piece) — 929/3000 games, 59.6 positions/s overall
game 3928: 300 pieces, 135 lines, attack 126 (129 ms/piece) — 930/3000 games, 59.7 positions/s overall
game 3930: 300 pieces, 159 lines, attack 139 (125 ms/piece) — 931/3000 games, 59.7 positions/s overall
game 3931: 300 pieces, 149 lines, attack 114 (130 ms/piece) — 932/3000 games, 59.6 positions/s overall
game 3932: 300 pieces, 157 lines, attack 131 (130 ms/piece) — 933/3000 games, 59.6 positions/s overall
game 3933: 300 pieces, 160 lines, attack 115 (128 ms/piece) — 934/3000 games, 59.7 positions/s overall
game 3934: 300 pieces, 150 lines, attack 130 (135 ms/piece) — 935/3000 games, 59.7 positions/s overall
game 3936: 300 pieces, 162 lines, attack 115 (114 ms/piece) — 936/3000 games, 59.6 positions/s overall
game 3937: 300 pieces, 152 lines, attack 103 (121 ms/piece) — 937/3000 games, 59.7 positions/s overall
game 3935: 300 pieces, 149 lines, attack 109 (134 ms/piece) — 938/3000 games, 59.7 positions/s overall
game 3942: 170 pieces, 96 lines, attack 68, died (113 ms/piece) — 939/3000 games, 59.7 positions/s overall
game 3938: 300 pieces, 148 lines, attack 117 (135 ms/piece) — 940/3000 games, 59.7 positions/s overall
game 3939: 300 pieces, 153 lines, attack 143 (138 ms/piece) — 941/3000 games, 59.6 positions/s overall
game 3940: 300 pieces, 157 lines, attack 140 (131 ms/piece) — 942/3000 games, 59.7 positions/s overall
game 3941: 300 pieces, 167 lines, attack 121 (133 ms/piece) — 943/3000 games, 59.7 positions/s overall
game 3947: 130 pieces, 62 lines, attack 41, died (129 ms/piece) — 944/3000 games, 59.8 positions/s overall
game 3950: 44 pieces, 8 lines, attack 3, died (105 ms/piece) — 945/3000 games, 59.7 positions/s overall
game 3943: 300 pieces, 151 lines, attack 113 (108 ms/piece) — 946/3000 games, 59.8 positions/s overall
game 3946: 300 pieces, 147 lines, attack 141 (132 ms/piece) — 947/3000 games, 59.6 positions/s overall
game 3944: 300 pieces, 140 lines, attack 116 (150 ms/piece) — 948/3000 games, 59.7 positions/s overall
game 3945: 300 pieces, 159 lines, attack 155 (146 ms/piece) — 949/3000 games, 59.7 positions/s overall
game 3948: 278 pieces, 141 lines, attack 103, died (121 ms/piece) — 950/3000 games, 59.7 positions/s overall
game 3949: 300 pieces, 147 lines, attack 118 (148 ms/piece) — 951/3000 games, 59.6 positions/s overall
game 3953: 300 pieces, 145 lines, attack 120 (123 ms/piece) — 952/3000 games, 59.7 positions/s overall
game 3951: 300 pieces, 183 lines, attack 173 (140 ms/piece) — 953/3000 games, 59.7 positions/s overall
game 3959: 34 pieces, 10 lines, attack 7, died (113 ms/piece) — 954/3000 games, 59.7 positions/s overall
game 3952: 300 pieces, 150 lines, attack 140 (139 ms/piece) — 955/3000 games, 59.8 positions/s overall
game 3955: 300 pieces, 172 lines, attack 135 (130 ms/piece) — 956/3000 games, 59.6 positions/s overall
game 3956: 300 pieces, 162 lines, attack 131 (132 ms/piece) — 957/3000 games, 59.7 positions/s overall
game 3954: 300 pieces, 142 lines, attack 89 (137 ms/piece) — 958/3000 games, 59.7 positions/s overall
game 3958: 150 pieces, 64 lines, attack 50, died (138 ms/piece) — 959/3000 games, 59.8 positions/s overall
game 3957: 300 pieces, 162 lines, attack 120 (126 ms/piece) — 960/3000 games, 59.8 positions/s overall
game 3961: 300 pieces, 147 lines, attack 123 (112 ms/piece) — 961/3000 games, 59.7 positions/s overall
game 3960: 300 pieces, 152 lines, attack 149 (136 ms/piece) — 962/3000 games, 59.7 positions/s overall
game 3962: 300 pieces, 161 lines, attack 132 (142 ms/piece) — 963/3000 games, 59.7 positions/s overall
game 3967: 228 pieces, 110 lines, attack 82, died (143 ms/piece) — 964/3000 games, 59.6 positions/s overall
game 3966: 300 pieces, 158 lines, attack 127 (130 ms/piece) — 965/3000 games, 59.6 positions/s overall
game 3963: 300 pieces, 142 lines, attack 109 (137 ms/piece) — 966/3000 games, 59.7 positions/s overall
game 3964: 300 pieces, 151 lines, attack 127 (141 ms/piece) — 967/3000 games, 59.7 positions/s overall
game 3965: 300 pieces, 157 lines, attack 144 (142 ms/piece) — 968/3000 games, 59.8 positions/s overall
game 3968: 300 pieces, 151 lines, attack 109 (112 ms/piece) — 969/3000 games, 59.8 positions/s overall
game 3976: 61 pieces, 19 lines, attack 17, died (98 ms/piece) — 970/3000 games, 59.7 positions/s overall
game 3969: 300 pieces, 142 lines, attack 116 (133 ms/piece) — 971/3000 games, 59.7 positions/s overall
game 3970: 300 pieces, 165 lines, attack 138 (127 ms/piece) — 972/3000 games, 59.7 positions/s overall
game 3973: 300 pieces, 153 lines, attack 111 (127 ms/piece) — 973/3000 games, 59.6 positions/s overall
game 3971: 300 pieces, 156 lines, attack 127 (138 ms/piece) — 974/3000 games, 59.7 positions/s overall
game 3972: 300 pieces, 161 lines, attack 142 (136 ms/piece) — 975/3000 games, 59.7 positions/s overall
game 3975: 300 pieces, 154 lines, attack 125 (132 ms/piece) — 976/3000 games, 59.8 positions/s overall
game 3974: 300 pieces, 157 lines, attack 117 (135 ms/piece) — 977/3000 games, 59.8 positions/s overall
game 3977: 300 pieces, 160 lines, attack 119 (110 ms/piece) — 978/3000 games, 59.8 positions/s overall
game 3978: 300 pieces, 168 lines, attack 138 (133 ms/piece) — 979/3000 games, 59.7 positions/s overall
game 3979: 300 pieces, 163 lines, attack 134 (140 ms/piece) — 980/3000 games, 59.7 positions/s overall
game 3981: 300 pieces, 162 lines, attack 136 (122 ms/piece) — 981/3000 games, 59.6 positions/s overall
game 3980: 300 pieces, 162 lines, attack 135 (133 ms/piece) — 982/3000 games, 59.7 positions/s overall
game 3988: 32 pieces, 8 lines, attack 5, died (121 ms/piece) — 983/3000 games, 59.7 positions/s overall
game 3982: 300 pieces, 167 lines, attack 125 (132 ms/piece) — 984/3000 games, 59.7 positions/s overall
game 3985: 300 pieces, 154 lines, attack 111 (108 ms/piece) — 985/3000 games, 59.8 positions/s overall
game 3983: 300 pieces, 158 lines, attack 120 (134 ms/piece) — 986/3000 games, 59.8 positions/s overall
game 3984: 300 pieces, 144 lines, attack 119 (133 ms/piece) — 987/3000 games, 59.9 positions/s overall
game 3993: 48 pieces, 15 lines, attack 11, died (91 ms/piece) — 988/3000 games, 59.8 positions/s overall
game 3994: 44 pieces, 17 lines, attack 15, died (103 ms/piece) — 989/3000 games, 59.9 positions/s overall
game 3986: 300 pieces, 146 lines, attack 116 (138 ms/piece) — 990/3000 games, 59.7 positions/s overall
game 3987: 300 pieces, 153 lines, attack 114 (133 ms/piece) — 991/3000 games, 59.7 positions/s overall
game 3991: 215 pieces, 104 lines, attack 96, died (128 ms/piece) — 992/3000 games, 59.8 positions/s overall
game 3992: 300 pieces, 165 lines, attack 141 (114 ms/piece) — 993/3000 games, 59.7 positions/s overall
game 3990: 300 pieces, 157 lines, attack 114 (129 ms/piece) — 994/3000 games, 59.8 positions/s overall
game 3989: 300 pieces, 146 lines, attack 144 (141 ms/piece) — 995/3000 games, 59.8 positions/s overall
game 3995: 300 pieces, 177 lines, attack 149 (122 ms/piece) — 996/3000 games, 59.8 positions/s overall
game 3996: 300 pieces, 154 lines, attack 126 (128 ms/piece) — 997/3000 games, 59.9 positions/s overall
game 4003: 69 pieces, 36 lines, attack 21, died (119 ms/piece) — 998/3000 games, 59.8 positions/s overall
game 3997: 300 pieces, 162 lines, attack 112 (130 ms/piece) — 999/3000 games, 59.7 positions/s overall
game 3998: 300 pieces, 165 lines, attack 135 (116 ms/piece) — 1000/3000 games, 59.8 positions/s overall
game 3999: 300 pieces, 153 lines, attack 130 (138 ms/piece) — 1001/3000 games, 59.8 positions/s overall
game 4000: 300 pieces, 163 lines, attack 140 (116 ms/piece) — 1002/3000 games, 59.8 positions/s overall
game 4001: 300 pieces, 161 lines, attack 134 (129 ms/piece) — 1003/3000 games, 59.8 positions/s overall
game 4002: 300 pieces, 163 lines, attack 126 (133 ms/piece) — 1004/3000 games, 59.8 positions/s overall
game 4004: 300 pieces, 149 lines, attack 117 (141 ms/piece) — 1005/3000 games, 59.8 positions/s overall
game 4005: 300 pieces, 156 lines, attack 138 (130 ms/piece) — 1006/3000 games, 59.8 positions/s overall
game 4006: 300 pieces, 167 lines, attack 104 (129 ms/piece) — 1007/3000 games, 59.7 positions/s overall
game 4007: 300 pieces, 145 lines, attack 114 (131 ms/piece) — 1008/3000 games, 59.8 positions/s overall
game 4010: 224 pieces, 117 lines, attack 85, died (118 ms/piece) — 1009/3000 games, 59.8 positions/s overall
game 4009: 300 pieces, 154 lines, attack 127 (113 ms/piece) — 1010/3000 games, 59.9 positions/s overall
game 4008: 300 pieces, 148 lines, attack 136 (130 ms/piece) — 1011/3000 games, 59.9 positions/s overall
game 4013: 136 pieces, 68 lines, attack 53, died (129 ms/piece) — 1012/3000 games, 59.9 positions/s overall
game 4014: 147 pieces, 58 lines, attack 47, died (122 ms/piece) — 1013/3000 games, 59.8 positions/s overall
game 4011: 300 pieces, 172 lines, attack 108 (126 ms/piece) — 1014/3000 games, 59.9 positions/s overall
game 4012: 300 pieces, 163 lines, attack 131 (130 ms/piece) — 1015/3000 games, 59.8 positions/s overall
game 4015: 295 pieces, 125 lines, attack 112, died (133 ms/piece) — 1016/3000 games, 59.7 positions/s overall
game 4017: 300 pieces, 165 lines, attack 128 (120 ms/piece) — 1017/3000 games, 59.8 positions/s overall
game 4020: 199 pieces, 100 lines, attack 82, died (125 ms/piece) — 1018/3000 games, 59.8 positions/s overall
game 4016: 300 pieces, 171 lines, attack 131 (135 ms/piece) — 1019/3000 games, 59.9 positions/s overall
game 4019: 300 pieces, 162 lines, attack 129 (128 ms/piece) — 1020/3000 games, 59.9 positions/s overall
game 4018: 300 pieces, 167 lines, attack 136 (130 ms/piece) — 1021/3000 games, 59.9 positions/s overall
game 4021: 300 pieces, 155 lines, attack 145 (155 ms/piece) — 1022/3000 games, 59.8 positions/s overall
game 4022: 300 pieces, 155 lines, attack 134 (144 ms/piece) — 1023/3000 games, 59.8 positions/s overall
game 4028: 181 pieces, 88 lines, attack 58, died (140 ms/piece) — 1024/3000 games, 59.8 positions/s overall
game 4026: 204 pieces, 100 lines, attack 78, died (157 ms/piece) — 1025/3000 games, 59.8 positions/s overall
game 4024: 300 pieces, 143 lines, attack 118 (130 ms/piece) — 1026/3000 games, 59.8 positions/s overall
game 4023: 300 pieces, 161 lines, attack 114 (139 ms/piece) — 1027/3000 games, 59.8 positions/s overall
game 4025: 300 pieces, 150 lines, attack 139 (149 ms/piece) — 1028/3000 games, 59.8 positions/s overall
game 4027: 300 pieces, 150 lines, attack 111 (150 ms/piece) — 1029/3000 games, 59.8 positions/s overall
game 4029: 300 pieces, 159 lines, attack 137 (130 ms/piece) — 1030/3000 games, 59.7 positions/s overall
game 4030: 300 pieces, 151 lines, attack 126 (142 ms/piece) — 1031/3000 games, 59.7 positions/s overall
game 4031: 300 pieces, 154 lines, attack 147 (146 ms/piece) — 1032/3000 games, 59.7 positions/s overall
game 4033: 293 pieces, 132 lines, attack 89, died (124 ms/piece) — 1033/3000 games, 59.8 positions/s overall
game 4032: 300 pieces, 153 lines, attack 123 (140 ms/piece) — 1034/3000 games, 59.8 positions/s overall
game 4034: 300 pieces, 155 lines, attack 98 (129 ms/piece) — 1035/3000 games, 59.8 positions/s overall
game 4035: 300 pieces, 151 lines, attack 119 (132 ms/piece) — 1036/3000 games, 59.8 positions/s overall
game 4036: 300 pieces, 148 lines, attack 139 (142 ms/piece) — 1037/3000 games, 59.8 positions/s overall
game 4037: 300 pieces, 148 lines, attack 129 (142 ms/piece) — 1038/3000 games, 59.7 positions/s overall
game 4038: 263 pieces, 118 lines, attack 98, died (136 ms/piece) — 1039/3000 games, 59.7 positions/s overall
game 4040: 300 pieces, 168 lines, attack 133 (113 ms/piece) — 1040/3000 games, 59.8 positions/s overall
game 4039: 300 pieces, 147 lines, attack 118 (133 ms/piece) — 1041/3000 games, 59.8 positions/s overall
game 4042: 300 pieces, 163 lines, attack 141 (127 ms/piece) — 1042/3000 games, 59.8 positions/s overall
game 4041: 300 pieces, 148 lines, attack 110 (138 ms/piece) — 1043/3000 games, 59.9 positions/s overall
game 4043: 300 pieces, 154 lines, attack 140 (135 ms/piece) — 1044/3000 games, 59.8 positions/s overall
game 4044: 300 pieces, 157 lines, attack 126 (142 ms/piece) — 1045/3000 games, 59.8 positions/s overall
game 4051: 113 pieces, 50 lines, attack 37, died (114 ms/piece) — 1046/3000 games, 59.7 positions/s overall
game 4047: 300 pieces, 155 lines, attack 117 (110 ms/piece) — 1047/3000 games, 59.8 positions/s overall
game 4046: 300 pieces, 142 lines, attack 114 (140 ms/piece) — 1048/3000 games, 59.7 positions/s overall
game 4045: 300 pieces, 162 lines, attack 157 (149 ms/piece) — 1049/3000 games, 59.8 positions/s overall
game 4048: 300 pieces, 167 lines, attack 141 (141 ms/piece) — 1050/3000 games, 59.8 positions/s overall
game 4050: 300 pieces, 156 lines, attack 129 (135 ms/piece) — 1051/3000 games, 59.8 positions/s overall
game 4049: 300 pieces, 161 lines, attack 144 (144 ms/piece) — 1052/3000 games, 59.8 positions/s overall
game 4053: 255 pieces, 141 lines, attack 111, died (120 ms/piece) — 1053/3000 games, 59.8 positions/s overall
game 4052: 300 pieces, 162 lines, attack 140 (131 ms/piece) — 1054/3000 games, 59.8 positions/s overall
game 4054: 300 pieces, 151 lines, attack 127 (129 ms/piece) — 1055/3000 games, 59.8 positions/s overall
game 4055: 300 pieces, 164 lines, attack 130 (143 ms/piece) — 1056/3000 games, 59.7 positions/s overall
game 4056: 300 pieces, 149 lines, attack 118 (144 ms/piece) — 1057/3000 games, 59.8 positions/s overall
game 4057: 300 pieces, 151 lines, attack 119 (141 ms/piece) — 1058/3000 games, 59.7 positions/s overall
game 4058: 300 pieces, 138 lines, attack 132 (151 ms/piece) — 1059/3000 games, 59.7 positions/s overall
game 4059: 300 pieces, 160 lines, attack 132 (146 ms/piece) — 1060/3000 games, 59.8 positions/s overall
game 4062: 242 pieces, 115 lines, attack 76, died (119 ms/piece) — 1061/3000 games, 59.8 positions/s overall
game 4060: 300 pieces, 157 lines, attack 137 (148 ms/piece) — 1062/3000 games, 59.8 positions/s overall
game 4061: 300 pieces, 156 lines, attack 111 (136 ms/piece) — 1063/3000 games, 59.8 positions/s overall
game 4063: 300 pieces, 161 lines, attack 127 (134 ms/piece) — 1064/3000 games, 59.7 positions/s overall
game 4067: 221 pieces, 109 lines, attack 85, died (128 ms/piece) — 1065/3000 games, 59.7 positions/s overall
game 4064: 300 pieces, 156 lines, attack 135 (141 ms/piece) — 1066/3000 games, 59.8 positions/s overall
game 4065: 300 pieces, 153 lines, attack 130 (146 ms/piece) — 1067/3000 games, 59.7 positions/s overall
game 4068: 300 pieces, 165 lines, attack 126 (122 ms/piece) — 1068/3000 games, 59.7 positions/s overall
game 4066: 300 pieces, 144 lines, attack 128 (147 ms/piece) — 1069/3000 games, 59.8 positions/s overall
game 4072: 109 pieces, 42 lines, attack 37, died (146 ms/piece) — 1070/3000 games, 59.8 positions/s overall
game 4071: 144 pieces, 67 lines, attack 63, died (142 ms/piece) — 1071/3000 games, 59.8 positions/s overall
game 4070: 300 pieces, 163 lines, attack 128 (134 ms/piece) — 1072/3000 games, 59.8 positions/s overall
game 4069: 300 pieces, 153 lines, attack 150 (138 ms/piece) — 1073/3000 games, 59.9 positions/s overall
game 4073: 300 pieces, 156 lines, attack 131 (146 ms/piece) — 1074/3000 games, 59.6 positions/s overall
game 4075: 300 pieces, 151 lines, attack 116 (124 ms/piece) — 1075/3000 games, 59.7 positions/s overall
game 4074: 300 pieces, 167 lines, attack 153 (145 ms/piece) — 1076/3000 games, 59.7 positions/s overall
game 4079: 236 pieces, 122 lines, attack 113, died (130 ms/piece) — 1077/3000 games, 59.7 positions/s overall
game 4077: 300 pieces, 162 lines, attack 136 (135 ms/piece) — 1078/3000 games, 59.8 positions/s overall
game 4076: 300 pieces, 159 lines, attack 124 (149 ms/piece) — 1079/3000 games, 59.8 positions/s overall
game 4078: 300 pieces, 161 lines, attack 131 (142 ms/piece) — 1080/3000 games, 59.8 positions/s overall
game 4080: 300 pieces, 151 lines, attack 113 (143 ms/piece) — 1081/3000 games, 59.8 positions/s overall
game 4087: 134 pieces, 66 lines, attack 64, died (120 ms/piece) — 1082/3000 games, 59.7 positions/s overall
game 4081: 300 pieces, 162 lines, attack 145 (137 ms/piece) — 1083/3000 games, 59.6 positions/s overall
game 4082: 300 pieces, 140 lines, attack 126 (126 ms/piece) — 1084/3000 games, 59.7 positions/s overall
game 4084: 300 pieces, 152 lines, attack 113 (128 ms/piece) — 1085/3000 games, 59.7 positions/s overall
game 4089: 117 pieces, 49 lines, attack 41, died (135 ms/piece) — 1086/3000 games, 59.7 positions/s overall
game 4092: 23 pieces, 3 lines, attack 0, died (119 ms/piece) — 1087/3000 games, 59.7 positions/s overall
game 4083: 300 pieces, 143 lines, attack 110 (142 ms/piece) — 1088/3000 games, 59.8 positions/s overall
game 4086: 300 pieces, 163 lines, attack 134 (133 ms/piece) — 1089/3000 games, 59.8 positions/s overall
game 4085: 300 pieces, 155 lines, attack 127 (146 ms/piece) — 1090/3000 games, 59.8 positions/s overall
game 4097: 45 pieces, 19 lines, attack 18, died (143 ms/piece) — 1091/3000 games, 59.8 positions/s overall
game 4088: 300 pieces, 147 lines, attack 118 (147 ms/piece) — 1092/3000 games, 59.8 positions/s overall
game 4096: 109 pieces, 53 lines, attack 40, died (135 ms/piece) — 1093/3000 games, 59.7 positions/s overall
game 4091: 300 pieces, 142 lines, attack 127 (133 ms/piece) — 1094/3000 games, 59.6 positions/s overall
game 4090: 300 pieces, 160 lines, attack 120 (142 ms/piece) — 1095/3000 games, 59.7 positions/s overall
game 4094: 300 pieces, 147 lines, attack 138 (164 ms/piece) — 1096/3000 games, 59.6 positions/s overall
game 4095: 300 pieces, 158 lines, attack 133 (163 ms/piece) — 1097/3000 games, 59.6 positions/s overall
game 4093: 300 pieces, 140 lines, attack 128 (169 ms/piece) — 1098/3000 games, 59.7 positions/s overall
game 4098: 300 pieces, 146 lines, attack 126 (162 ms/piece) — 1099/3000 games, 59.6 positions/s overall
game 4100: 300 pieces, 156 lines, attack 123 (156 ms/piece) — 1100/3000 games, 59.6 positions/s overall
game 4099: 300 pieces, 163 lines, attack 155 (179 ms/piece) — 1101/3000 games, 59.6 positions/s overall
game 4106: 67 pieces, 24 lines, attack 19, died (128 ms/piece) — 1102/3000 games, 59.6 positions/s overall
game 4101: 300 pieces, 147 lines, attack 113 (140 ms/piece) — 1103/3000 games, 59.6 positions/s overall
game 4103: 188 pieces, 101 lines, attack 83, died (164 ms/piece) — 1104/3000 games, 59.6 positions/s overall
game 4102: 300 pieces, 143 lines, attack 113 (168 ms/piece) — 1105/3000 games, 59.6 positions/s overall
game 4111: 119 pieces, 66 lines, attack 62, died (145 ms/piece) — 1106/3000 games, 59.5 positions/s overall
game 4104: 300 pieces, 152 lines, attack 129 (161 ms/piece) — 1107/3000 games, 59.5 positions/s overall
game 4105: 300 pieces, 148 lines, attack 118 (167 ms/piece) — 1108/3000 games, 59.6 positions/s overall
game 4114: 58 pieces, 22 lines, attack 10, died (126 ms/piece) — 1109/3000 games, 59.5 positions/s overall
game 4108: 300 pieces, 162 lines, attack 106 (143 ms/piece) — 1110/3000 games, 59.5 positions/s overall
game 4107: 300 pieces, 149 lines, attack 135 (155 ms/piece) — 1111/3000 games, 59.6 positions/s overall
game 4110: 300 pieces, 158 lines, attack 116 (123 ms/piece) — 1112/3000 games, 59.6 positions/s overall
game 4109: 300 pieces, 158 lines, attack 142 (157 ms/piece) — 1113/3000 games, 59.6 positions/s overall
game 4112: 268 pieces, 148 lines, attack 96, died (135 ms/piece) — 1114/3000 games, 59.6 positions/s overall
game 4118: 110 pieces, 44 lines, attack 36, died (122 ms/piece) — 1115/3000 games, 59.6 positions/s overall
game 4113: 300 pieces, 159 lines, attack 134 (147 ms/piece) — 1116/3000 games, 59.5 positions/s overall
game 4115: 300 pieces, 159 lines, attack 118 (140 ms/piece) — 1117/3000 games, 59.5 positions/s overall
game 4116: 300 pieces, 149 lines, attack 116 (131 ms/piece) — 1118/3000 games, 59.5 positions/s overall
game 4117: 237 pieces, 120 lines, attack 92, died (143 ms/piece) — 1119/3000 games, 59.6 positions/s overall
game 4119: 300 pieces, 154 lines, attack 126 (128 ms/piece) — 1120/3000 games, 59.6 positions/s overall
game 4120: 300 pieces, 150 lines, attack 124 (146 ms/piece) — 1121/3000 games, 59.5 positions/s overall
game 4121: 300 pieces, 147 lines, attack 114 (152 ms/piece) — 1122/3000 games, 59.5 positions/s overall
game 4122: 300 pieces, 150 lines, attack 107 (152 ms/piece) — 1123/3000 games, 59.5 positions/s overall
game 4123: 300 pieces, 146 lines, attack 131 (145 ms/piece) — 1124/3000 games, 59.4 positions/s overall
game 4124: 300 pieces, 171 lines, attack 152 (145 ms/piece) — 1125/3000 games, 59.5 positions/s overall
game 4125: 300 pieces, 166 lines, attack 133 (148 ms/piece) — 1126/3000 games, 59.5 positions/s overall
game 4127: 300 pieces, 156 lines, attack 132 (134 ms/piece) — 1127/3000 games, 59.5 positions/s overall
game 4126: 300 pieces, 150 lines, attack 139 (160 ms/piece) — 1128/3000 games, 59.6 positions/s overall
game 4132: 111 pieces, 40 lines, attack 33, died (154 ms/piece) — 1129/3000 games, 59.5 positions/s overall
game 4128: 300 pieces, 157 lines, attack 133 (147 ms/piece) — 1130/3000 games, 59.5 positions/s overall
game 4129: 300 pieces, 162 lines, attack 116 (152 ms/piece) — 1131/3000 games, 59.5 positions/s overall
game 4130: 300 pieces, 148 lines, attack 119 (151 ms/piece) — 1132/3000 games, 59.5 positions/s overall
game 4131: 298 pieces, 148 lines, attack 104, died (144 ms/piece) — 1133/3000 games, 59.4 positions/s overall
game 4134: 300 pieces, 155 lines, attack 133 (135 ms/piece) — 1134/3000 games, 59.4 positions/s overall
game 4133: 300 pieces, 179 lines, attack 159 (144 ms/piece) — 1135/3000 games, 59.5 positions/s overall
game 4139: 132 pieces, 61 lines, attack 48, died (138 ms/piece) — 1136/3000 games, 59.5 positions/s overall
game 4135: 300 pieces, 156 lines, attack 137 (157 ms/piece) — 1137/3000 games, 59.5 positions/s overall
game 4137: 258 pieces, 128 lines, attack 107, died (150 ms/piece) — 1138/3000 games, 59.5 positions/s overall
game 4136: 300 pieces, 153 lines, attack 110 (144 ms/piece) — 1139/3000 games, 59.5 positions/s overall
game 4138: 300 pieces, 160 lines, attack 130 (141 ms/piece) — 1140/3000 games, 59.5 positions/s overall
game 4142: 300 pieces, 153 lines, attack 112 (129 ms/piece) — 1141/3000 games, 59.3 positions/s overall
game 4140: 300 pieces, 147 lines, attack 129 (148 ms/piece) — 1142/3000 games, 59.4 positions/s overall
game 4141: 300 pieces, 157 lines, attack 157 (138 ms/piece) — 1143/3000 games, 59.4 positions/s overall
game 4143: 300 pieces, 161 lines, attack 137 (155 ms/piece) — 1144/3000 games, 59.4 positions/s overall
game 4145: 287 pieces, 129 lines, attack 113, died (137 ms/piece) — 1145/3000 games, 59.4 positions/s overall
game 4144: 300 pieces, 160 lines, attack 124 (154 ms/piece) — 1146/3000 games, 59.4 positions/s overall
game 4146: 300 pieces, 146 lines, attack 114 (147 ms/piece) — 1147/3000 games, 59.5 positions/s overall
game 4147: 300 pieces, 160 lines, attack 127 (148 ms/piece) — 1148/3000 games, 59.4 positions/s overall
game 4150: 300 pieces, 154 lines, attack 159 (131 ms/piece) — 1149/3000 games, 59.3 positions/s overall
game 4149: 300 pieces, 167 lines, attack 135 (137 ms/piece) — 1150/3000 games, 59.4 positions/s overall
game 4153: 192 pieces, 103 lines, attack 81, died (138 ms/piece) — 1151/3000 games, 59.4 positions/s overall
game 4148: 300 pieces, 141 lines, attack 100 (144 ms/piece) — 1152/3000 games, 59.5 positions/s overall
game 4151: 300 pieces, 157 lines, attack 123 (146 ms/piece) — 1153/3000 games, 59.4 positions/s overall
game 4152: 300 pieces, 149 lines, attack 118 (147 ms/piece) — 1154/3000 games, 59.4 positions/s overall
game 4157: 94 pieces, 36 lines, attack 30, died (165 ms/piece) — 1155/3000 games, 59.4 positions/s overall
game 4160: 68 pieces, 24 lines, attack 15, died (130 ms/piece) — 1156/3000 games, 59.4 positions/s overall
game 4156: 186 pieces, 80 lines, attack 50, died (122 ms/piece) — 1157/3000 games, 59.4 positions/s overall
game 4154: 300 pieces, 148 lines, attack 128 (153 ms/piece) — 1158/3000 games, 59.4 positions/s overall
game 4155: 300 pieces, 150 lines, attack 109 (149 ms/piece) — 1159/3000 games, 59.4 positions/s overall
game 4158: 300 pieces, 148 lines, attack 130 (147 ms/piece) — 1160/3000 games, 59.3 positions/s overall
game 4159: 300 pieces, 153 lines, attack 118 (159 ms/piece) — 1161/3000 games, 59.3 positions/s overall
game 4161: 300 pieces, 164 lines, attack 113 (127 ms/piece) — 1162/3000 games, 59.4 positions/s overall
game 4162: 300 pieces, 169 lines, attack 130 (142 ms/piece) — 1163/3000 games, 59.3 positions/s overall
game 4163: 300 pieces, 152 lines, attack 131 (127 ms/piece) — 1164/3000 games, 59.4 positions/s overall
game 4164: 300 pieces, 152 lines, attack 147 (132 ms/piece) — 1165/3000 games, 59.4 positions/s overall
game 4165: 300 pieces, 169 lines, attack 163 (143 ms/piece) — 1166/3000 games, 59.4 positions/s overall
game 4170: 69 pieces, 34 lines, attack 29, died (141 ms/piece) — 1167/3000 games, 59.4 positions/s overall
game 4167: 203 pieces, 94 lines, attack 70, died (132 ms/piece) — 1168/3000 games, 59.4 positions/s overall
game 4175: 17 pieces, 2 lines, attack 0, died (137 ms/piece) — 1169/3000 games, 59.4 positions/s overall
game 4166: 293 pieces, 147 lines, attack 135, died (149 ms/piece) — 1170/3000 games, 59.4 positions/s overall
game 4168: 277 pieces, 128 lines, attack 131, died (150 ms/piece) — 1171/3000 games, 59.3 positions/s overall
game 4169: 300 pieces, 139 lines, attack 115 (145 ms/piece) — 1172/3000 games, 59.3 positions/s overall
game 4172: 300 pieces, 149 lines, attack 149 (133 ms/piece) — 1173/3000 games, 59.3 positions/s overall
game 4171: 300 pieces, 158 lines, attack 109 (154 ms/piece) — 1174/3000 games, 59.3 positions/s overall
game 4173: 300 pieces, 142 lines, attack 98 (151 ms/piece) — 1175/3000 games, 59.3 positions/s overall
game 4176: 281 pieces, 133 lines, attack 116, died (144 ms/piece) — 1176/3000 games, 59.3 positions/s overall
game 4174: 300 pieces, 148 lines, attack 116 (153 ms/piece) — 1177/3000 games, 59.4 positions/s overall
game 4177: 300 pieces, 140 lines, attack 102 (153 ms/piece) — 1178/3000 games, 59.4 positions/s overall
game 4178: 300 pieces, 151 lines, attack 124 (155 ms/piece) — 1179/3000 games, 59.2 positions/s overall
game 4179: 300 pieces, 143 lines, attack 127 (159 ms/piece) — 1180/3000 games, 59.2 positions/s overall
game 4180: 300 pieces, 140 lines, attack 116 (136 ms/piece) — 1181/3000 games, 59.3 positions/s overall
game 4187: 30 pieces, 6 lines, attack 3, died (145 ms/piece) — 1182/3000 games, 59.2 positions/s overall
game 4181: 300 pieces, 148 lines, attack 137 (150 ms/piece) — 1183/3000 games, 59.3 positions/s overall
game 4184: 300 pieces, 145 lines, attack 107 (132 ms/piece) — 1184/3000 games, 59.3 positions/s overall
game 4182: 300 pieces, 154 lines, attack 132 (151 ms/piece) — 1185/3000 games, 59.3 positions/s overall
game 4183: 300 pieces, 145 lines, attack 116 (152 ms/piece) — 1186/3000 games, 59.3 positions/s overall
game 4185: 300 pieces, 150 lines, attack 106 (143 ms/piece) — 1187/3000 games, 59.3 positions/s overall
game 4192: 121 pieces, 47 lines, attack 38, died (142 ms/piece) — 1188/3000 games, 59.2 positions/s overall
game 4188: 300 pieces, 156 lines, attack 111 (114 ms/piece) — 1189/3000 games, 59.3 positions/s overall
game 4191: 174 pieces, 81 lines, attack 76, died (136 ms/piece) — 1190/3000 games, 59.3 positions/s overall
game 4195: 42 pieces, 12 lines, attack 10, died (125 ms/piece) — 1191/3000 games, 59.3 positions/s overall
game 4186: 300 pieces, 151 lines, attack 107 (143 ms/piece) — 1192/3000 games, 59.3 positions/s overall
game 4194: 170 pieces, 83 lines, attack 60, died (145 ms/piece) — 1193/3000 games, 59.3 positions/s overall
game 4197: 89 pieces, 36 lines, attack 30, died (139 ms/piece) — 1194/3000 games, 59.3 positions/s overall
game 4189: 300 pieces, 158 lines, attack 121 (146 ms/piece) — 1195/3000 games, 59.3 positions/s overall
game 4190: 300 pieces, 154 lines, attack 107 (142 ms/piece) — 1196/3000 games, 59.4 positions/s overall
game 4202: 26 pieces, 7 lines, attack 3, died (141 ms/piece) — 1197/3000 games, 59.3 positions/s overall
game 4193: 300 pieces, 152 lines, attack 106 (141 ms/piece) — 1198/3000 games, 59.3 positions/s overall
game 4198: 300 pieces, 164 lines, attack 95 (118 ms/piece) — 1199/3000 games, 59.2 positions/s overall
game 4196: 300 pieces, 157 lines, attack 122 (139 ms/piece) — 1200/3000 games, 59.2 positions/s overall
game 4199: 300 pieces, 152 lines, attack 108 (142 ms/piece) — 1201/3000 games, 59.2 positions/s overall
game 4200: 300 pieces, 150 lines, attack 122 (157 ms/piece) — 1202/3000 games, 59.2 positions/s overall
game 4203: 300 pieces, 155 lines, attack 131 (149 ms/piece) — 1203/3000 games, 59.2 positions/s overall
game 4201: 300 pieces, 136 lines, attack 133 (159 ms/piece) — 1204/3000 games, 59.3 positions/s overall
game 4208: 123 pieces, 53 lines, attack 40, died (128 ms/piece) — 1205/3000 games, 59.3 positions/s overall
game 4204: 300 pieces, 141 lines, attack 110 (151 ms/piece) — 1206/3000 games, 59.3 positions/s overall
game 4205: 300 pieces, 158 lines, attack 114 (146 ms/piece) — 1207/3000 games, 59.3 positions/s overall
game 4207: 300 pieces, 155 lines, attack 127 (131 ms/piece) — 1208/3000 games, 59.2 positions/s overall
game 4206: 300 pieces, 167 lines, attack 142 (149 ms/piece) — 1209/3000 games, 59.3 positions/s overall
game 4209: 300 pieces, 149 lines, attack 127 (148 ms/piece) — 1210/3000 games, 59.1 positions/s overall
game 4211: 300 pieces, 135 lines, attack 121 (146 ms/piece) — 1211/3000 games, 59.1 positions/s overall
game 4215: 190 pieces, 103 lines, attack 72, died (128 ms/piece) — 1212/3000 games, 59.2 positions/s overall
game 4212: 300 pieces, 151 lines, attack 106 (150 ms/piece) — 1213/3000 games, 59.2 positions/s overall
game 4210: 300 pieces, 145 lines, attack 102 (158 ms/piece) — 1214/3000 games, 59.2 positions/s overall
game 4213: 300 pieces, 139 lines, attack 111 (158 ms/piece) — 1215/3000 games, 59.3 positions/s overall
game 4214: 300 pieces, 159 lines, attack 149 (147 ms/piece) — 1216/3000 games, 59.3 positions/s overall
game 4216: 300 pieces, 150 lines, attack 111 (131 ms/piece) — 1217/3000 games, 59.3 positions/s overall
game 4223: 157 pieces, 67 lines, attack 49, died (147 ms/piece) — 1218/3000 games, 59.1 positions/s overall
game 4221: 183 pieces, 80 lines, attack 71, died (157 ms/piece) — 1219/3000 games, 59.2 positions/s overall
game 4219: 300 pieces, 160 lines, attack 126 (133 ms/piece) — 1220/3000 games, 59.1 positions/s overall
game 4217: 300 pieces, 139 lines, attack 112 (158 ms/piece) — 1221/3000 games, 59.1 positions/s overall
game 4218: 300 pieces, 139 lines, attack 116 (153 ms/piece) — 1222/3000 games, 59.2 positions/s overall
game 4220: 300 pieces, 149 lines, attack 122 (146 ms/piece) — 1223/3000 games, 59.2 positions/s overall
game 4224: 197 pieces, 94 lines, attack 73, died (150 ms/piece) — 1224/3000 games, 59.3 positions/s overall
game 4222: 300 pieces, 177 lines, attack 155 (146 ms/piece) — 1225/3000 games, 59.3 positions/s overall
game 4229: 36 pieces, 12 lines, attack 9, died (148 ms/piece) — 1226/3000 games, 59.3 positions/s overall
game 4231: 75 pieces, 30 lines, attack 21, died (142 ms/piece) — 1227/3000 games, 59.2 positions/s overall
game 4232: 124 pieces, 53 lines, attack 36, died (139 ms/piece) — 1228/3000 games, 59.1 positions/s overall
game 4226: 300 pieces, 176 lines, attack 154 (141 ms/piece) — 1229/3000 games, 59.1 positions/s overall
game 4225: 300 pieces, 154 lines, attack 109 (152 ms/piece) — 1230/3000 games, 59.1 positions/s overall
game 4234: 139 pieces, 58 lines, attack 49, died (141 ms/piece) — 1231/3000 games, 59.2 positions/s overall
game 4227: 300 pieces, 157 lines, attack 108 (132 ms/piece) — 1232/3000 games, 59.2 positions/s overall
game 4228: 300 pieces, 160 lines, attack 129 (144 ms/piece) — 1233/3000 games, 59.1 positions/s overall
game 4230: 300 pieces, 161 lines, attack 116 (149 ms/piece) — 1234/3000 games, 59.2 positions/s overall
game 4233: 300 pieces, 154 lines, attack 109 (151 ms/piece) — 1235/3000 games, 59.2 positions/s overall
game 4235: 213 pieces, 96 lines, attack 79, died (146 ms/piece) — 1236/3000 games, 59.2 positions/s overall
game 4239: 185 pieces, 103 lines, attack 82, died (132 ms/piece) — 1237/3000 games, 59.2 positions/s overall
game 4236: 300 pieces, 150 lines, attack 151 (159 ms/piece) — 1238/3000 games, 59.0 positions/s overall
game 4237: 300 pieces, 165 lines, attack 150 (158 ms/piece) — 1239/3000 games, 59.0 positions/s overall
game 4238: 300 pieces, 155 lines, attack 148 (161 ms/piece) — 1240/3000 games, 59.1 positions/s overall
game 4240: 300 pieces, 153 lines, attack 117 (153 ms/piece) — 1241/3000 games, 59.0 positions/s overall
game 4241: 300 pieces, 162 lines, attack 132 (157 ms/piece) — 1242/3000 games, 59.1 positions/s overall
game 4242: 300 pieces, 163 lines, attack 145 (153 ms/piece) — 1243/3000 games, 59.1 positions/s overall
game 4243: 300 pieces, 158 lines, attack 119 (154 ms/piece) — 1244/3000 games, 59.1 positions/s overall
game 4244: 289 pieces, 139 lines, attack 114, died (140 ms/piece) — 1245/3000 games, 59.2 positions/s overall
game 4251: 15 pieces, 2 lines, attack 0, died (118 ms/piece) — 1246/3000 games, 59.1 positions/s overall
game 4246: 267 pieces, 128 lines, attack 111, died (156 ms/piece) — 1247/3000 games, 59.0 positions/s overall
game 4245: 300 pieces, 162 lines, attack 142 (159 ms/piece) — 1248/3000 games, 59.0 positions/s overall
game 4247: 300 pieces, 148 lines, attack 123 (153 ms/piece) — 1249/3000 games, 59.0 positions/s overall
game 4249: 300 pieces, 148 lines, attack 112 (155 ms/piece) — 1250/3000 games, 58.9 positions/s overall
game 4248: 300 pieces, 180 lines, attack 144 (166 ms/piece) — 1251/3000 games, 59.0 positions/s overall
game 4255: 109 pieces, 52 lines, attack 56, died (165 ms/piece) — 1252/3000 games, 59.0 positions/s overall
game 4252: 300 pieces, 153 lines, attack 119 (146 ms/piece) — 1253/3000 games, 59.0 positions/s overall
game 4250: 300 pieces, 141 lines, attack 110 (156 ms/piece) — 1254/3000 games, 59.1 positions/s overall
game 4253: 300 pieces, 155 lines, attack 141 (164 ms/piece) — 1255/3000 games, 59.1 positions/s overall
game 4254: 300 pieces, 151 lines, attack 114 (154 ms/piece) — 1256/3000 games, 58.9 positions/s overall
game 4256: 300 pieces, 151 lines, attack 115 (151 ms/piece) — 1257/3000 games, 59.0 positions/s overall
game 4260: 300 pieces, 156 lines, attack 119 (136 ms/piece) — 1258/3000 games, 58.9 positions/s overall
game 4259: 300 pieces, 174 lines, attack 123 (142 ms/piece) — 1259/3000 games, 58.9 positions/s overall
game 4258: 289 pieces, 139 lines, attack 124, died (159 ms/piece) — 1260/3000 games, 59.0 positions/s overall
game 4257: 300 pieces, 149 lines, attack 128 (166 ms/piece) — 1261/3000 games, 59.0 positions/s overall
game 4261: 300 pieces, 148 lines, attack 128 (149 ms/piece) — 1262/3000 games, 59.0 positions/s overall
game 4262: 300 pieces, 159 lines, attack 140 (152 ms/piece) — 1263/3000 games, 59.0 positions/s overall
game 4263: 300 pieces, 135 lines, attack 101 (158 ms/piece) — 1264/3000 games, 58.9 positions/s overall
game 4264: 300 pieces, 135 lines, attack 111 (148 ms/piece) — 1265/3000 games, 58.9 positions/s overall
game 4265: 300 pieces, 148 lines, attack 142 (132 ms/piece) — 1266/3000 games, 58.9 positions/s overall
game 4266: 300 pieces, 173 lines, attack 142 (135 ms/piece) — 1267/3000 games, 58.9 positions/s overall
game 4269: 300 pieces, 158 lines, attack 108 (129 ms/piece) — 1268/3000 games, 58.9 positions/s overall
game 4267: 300 pieces, 172 lines, attack 153 (143 ms/piece) — 1269/3000 games, 59.0 positions/s overall
game 4268: 300 pieces, 166 lines, attack 157 (140 ms/piece) — 1270/3000 games, 59.0 positions/s overall
game 4270: 300 pieces, 149 lines, attack 128 (137 ms/piece) — 1271/3000 games, 59.0 positions/s overall
game 4272: 300 pieces, 150 lines, attack 125 (126 ms/piece) — 1272/3000 games, 58.9 positions/s overall
game 4271: 300 pieces, 158 lines, attack 140 (135 ms/piece) — 1273/3000 games, 58.9 positions/s overall
game 4273: 300 pieces, 180 lines, attack 159 (110 ms/piece) — 1274/3000 games, 59.0 positions/s overall
game 4274: 300 pieces, 146 lines, attack 112 (128 ms/piece) — 1275/3000 games, 58.9 positions/s overall
game 4281: 77 pieces, 34 lines, attack 21, died (99 ms/piece) — 1276/3000 games, 58.9 positions/s overall
game 4275: 300 pieces, 164 lines, attack 131 (126 ms/piece) — 1277/3000 games, 59.0 positions/s overall
game 4276: 300 pieces, 165 lines, attack 163 (129 ms/piece) — 1278/3000 games, 59.0 positions/s overall
game 4277: 300 pieces, 151 lines, attack 140 (133 ms/piece) — 1279/3000 games, 59.0 positions/s overall
game 4286: 48 pieces, 27 lines, attack 14, died (94 ms/piece) — 1280/3000 games, 59.0 positions/s overall
game 4278: 300 pieces, 138 lines, attack 132 (134 ms/piece) — 1281/3000 games, 59.0 positions/s overall
game 4282: 109 pieces, 48 lines, attack 32, died (123 ms/piece) — 1282/3000 games, 59.1 positions/s overall
game 4283: 167 pieces, 78 lines, attack 49, died (113 ms/piece) — 1283/3000 games, 59.0 positions/s overall
game 4279: 246 pieces, 121 lines, attack 93, died (139 ms/piece) — 1284/3000 games, 59.0 positions/s overall
game 4280: 300 pieces, 157 lines, attack 118 (130 ms/piece) — 1285/3000 games, 59.0 positions/s overall
game 4284: 300 pieces, 172 lines, attack 136 (129 ms/piece) — 1286/3000 games, 59.0 positions/s overall
game 4285: 300 pieces, 143 lines, attack 144 (135 ms/piece) — 1287/3000 games, 59.0 positions/s overall
game 4291: 209 pieces, 106 lines, attack 77, died (118 ms/piece) — 1288/3000 games, 59.0 positions/s overall
game 4289: 300 pieces, 172 lines, attack 129 (118 ms/piece) — 1289/3000 games, 59.0 positions/s overall
game 4288: 300 pieces, 161 lines, attack 125 (127 ms/piece) — 1290/3000 games, 59.0 positions/s overall
game 4287: 300 pieces, 153 lines, attack 134 (134 ms/piece) — 1291/3000 games, 59.1 positions/s overall
game 4290: 300 pieces, 145 lines, attack 114 (115 ms/piece) — 1292/3000 games, 59.1 positions/s overall
game 4295: 58 pieces, 23 lines, attack 14, died (104 ms/piece) — 1293/3000 games, 59.1 positions/s overall
game 4293: 218 pieces, 110 lines, attack 75, died (119 ms/piece) — 1294/3000 games, 59.0 positions/s overall
game 4292: 300 pieces, 151 lines, attack 133 (136 ms/piece) — 1295/3000 games, 59.0 positions/s overall
game 4294: 300 pieces, 156 lines, attack 112 (124 ms/piece) — 1296/3000 games, 59.0 positions/s overall
game 4299: 300 pieces, 170 lines, attack 142 (112 ms/piece) — 1297/3000 games, 59.0 positions/s overall
game 4297: 300 pieces, 159 lines, attack 128 (129 ms/piece) — 1298/3000 games, 59.0 positions/s overall
game 4296: 300 pieces, 150 lines, attack 117 (137 ms/piece) — 1299/3000 games, 59.0 positions/s overall
game 4298: 300 pieces, 158 lines, attack 145 (129 ms/piece) — 1300/3000 games, 59.1 positions/s overall
game 4300: 300 pieces, 160 lines, attack 115 (126 ms/piece) — 1301/3000 games, 59.1 positions/s overall
game 4307: 43 pieces, 15 lines, attack 5, died (126 ms/piece) — 1302/3000 games, 59.1 positions/s overall
game 4301: 300 pieces, 156 lines, attack 123 (124 ms/piece) — 1303/3000 games, 59.1 positions/s overall
game 4302: 300 pieces, 147 lines, attack 111 (126 ms/piece) — 1304/3000 games, 59.1 positions/s overall
game 4303: 300 pieces, 154 lines, attack 128 (123 ms/piece) — 1305/3000 games, 59.0 positions/s overall
game 4304: 300 pieces, 155 lines, attack 136 (105 ms/piece) — 1306/3000 games, 59.1 positions/s overall
game 4306: 300 pieces, 156 lines, attack 131 (119 ms/piece) — 1307/3000 games, 59.1 positions/s overall
game 4305: 300 pieces, 156 lines, attack 128 (129 ms/piece) — 1308/3000 games, 59.1 positions/s overall
game 4308: 300 pieces, 166 lines, attack 142 (120 ms/piece) — 1309/3000 games, 59.1 positions/s overall
game 4309: 282 pieces, 136 lines, attack 107, died (128 ms/piece) — 1310/3000 games, 59.1 positions/s overall
game 4315: 107 pieces, 51 lines, attack 34, died (119 ms/piece) — 1311/3000 games, 59.1 positions/s overall
game 4310: 300 pieces, 159 lines, attack 141 (132 ms/piece) — 1312/3000 games, 59.1 positions/s overall
game 4311: 300 pieces, 165 lines, attack 144 (121 ms/piece) — 1313/3000 games, 59.1 positions/s overall
game 4313: 300 pieces, 160 lines, attack 115 (104 ms/piece) — 1314/3000 games, 59.1 positions/s overall
game 4312: 300 pieces, 152 lines, attack 127 (131 ms/piece) — 1315/3000 games, 59.1 positions/s overall
game 4314: 273 pieces, 131 lines, attack 96, died (119 ms/piece) — 1316/3000 games, 59.1 positions/s overall
game 4319: 177 pieces, 83 lines, attack 57, died (114 ms/piece) — 1317/3000 games, 59.1 positions/s overall
game 4316: 300 pieces, 151 lines, attack 117 (122 ms/piece) — 1318/3000 games, 59.2 positions/s overall
game 4317: 300 pieces, 165 lines, attack 120 (126 ms/piece) — 1319/3000 games, 59.2 positions/s overall
game 4318: 300 pieces, 148 lines, attack 126 (138 ms/piece) — 1320/3000 games, 59.1 positions/s overall
game 4320: 300 pieces, 156 lines, attack 132 (124 ms/piece) — 1321/3000 games, 59.1 positions/s overall
game 4321: 300 pieces, 159 lines, attack 119 (116 ms/piece) — 1322/3000 games, 59.2 positions/s overall
game 4322: 300 pieces, 151 lines, attack 108 (122 ms/piece) — 1323/3000 games, 59.1 positions/s overall
game 4323: 300 pieces, 148 lines, attack 118 (131 ms/piece) — 1324/3000 games, 59.1 positions/s overall
game 4324: 300 pieces, 150 lines, attack 125 (128 ms/piece) — 1325/3000 games, 59.1 positions/s overall
game 4325: 300 pieces, 156 lines, attack 126 (130 ms/piece) — 1326/3000 games, 59.2 positions/s overall
game 4326: 300 pieces, 167 lines, attack 136 (139 ms/piece) — 1327/3000 games, 59.2 positions/s overall
game 4329: 300 pieces, 161 lines, attack 120 (116 ms/piece) — 1328/3000 games, 59.1 positions/s overall
game 4327: 300 pieces, 152 lines, attack 152 (144 ms/piece) — 1329/3000 games, 59.1 positions/s overall
game 4328: 300 pieces, 157 lines, attack 141 (144 ms/piece) — 1330/3000 games, 59.2 positions/s overall
game 4333: 200 pieces, 101 lines, attack 67, died (113 ms/piece) — 1331/3000 games, 59.2 positions/s overall
game 4330: 300 pieces, 150 lines, attack 104 (128 ms/piece) — 1332/3000 games, 59.2 positions/s overall
game 4332: 246 pieces, 125 lines, attack 100, died (127 ms/piece) — 1333/3000 games, 59.2 positions/s overall
game 4331: 300 pieces, 150 lines, attack 123 (128 ms/piece) — 1334/3000 games, 59.2 positions/s overall
game 4341: 22 pieces, 4 lines, attack 0, died (116 ms/piece) — 1335/3000 games, 59.2 positions/s overall
game 4334: 300 pieces, 142 lines, attack 133 (141 ms/piece) — 1336/3000 games, 59.1 positions/s overall
game 4335: 300 pieces, 165 lines, attack 142 (117 ms/piece) — 1337/3000 games, 59.1 positions/s overall
game 4340: 203 pieces, 94 lines, attack 83, died (133 ms/piece) — 1338/3000 games, 59.1 positions/s overall
game 4336: 300 pieces, 156 lines, attack 128 (124 ms/piece) — 1339/3000 games, 59.2 positions/s overall
game 4343: 67 pieces, 30 lines, attack 24, died (144 ms/piece) — 1340/3000 games, 59.2 positions/s overall
game 4337: 300 pieces, 147 lines, attack 138 (135 ms/piece) — 1341/3000 games, 59.2 positions/s overall
game 4338: 300 pieces, 154 lines, attack 137 (136 ms/piece) — 1342/3000 games, 59.2 positions/s overall
game 4339: 300 pieces, 157 lines, attack 107 (127 ms/piece) — 1343/3000 games, 59.2 positions/s overall
game 4350: 55 pieces, 18 lines, attack 10, died (114 ms/piece) — 1344/3000 games, 59.2 positions/s overall
game 4344: 194 pieces, 86 lines, attack 73, died (113 ms/piece) — 1345/3000 games, 59.2 positions/s overall
game 4342: 300 pieces, 152 lines, attack 124 (135 ms/piece) — 1346/3000 games, 59.2 positions/s overall
game 4349: 170 pieces, 80 lines, attack 59, died (110 ms/piece) — 1347/3000 games, 59.2 positions/s overall
game 4347: 300 pieces, 155 lines, attack 116 (119 ms/piece) — 1348/3000 games, 59.1 positions/s overall
game 4345: 300 pieces, 160 lines, attack 136 (139 ms/piece) — 1349/3000 games, 59.2 positions/s overall
game 4346: 300 pieces, 154 lines, attack 107 (135 ms/piece) — 1350/3000 games, 59.2 positions/s overall
game 4352: 237 pieces, 130 lines, attack 111, died (116 ms/piece) — 1351/3000 games, 59.2 positions/s overall
game 4348: 300 pieces, 152 lines, attack 121 (128 ms/piece) — 1352/3000 games, 59.3 positions/s overall
game 4351: 300 pieces, 152 lines, attack 124 (139 ms/piece) — 1353/3000 games, 59.2 positions/s overall
game 4359: 121 pieces, 55 lines, attack 39, died (121 ms/piece) — 1354/3000 games, 59.2 positions/s overall
game 4353: 300 pieces, 143 lines, attack 122 (144 ms/piece) — 1355/3000 games, 59.2 positions/s overall
game 4354: 300 pieces, 155 lines, attack 117 (136 ms/piece) — 1356/3000 games, 59.2 positions/s overall
game 4356: 224 pieces, 115 lines, attack 79, died (138 ms/piece) — 1357/3000 games, 59.2 positions/s overall
game 4355: 241 pieces, 121 lines, attack 93, died (142 ms/piece) — 1358/3000 games, 59.2 positions/s overall
game 4363: 86 pieces, 35 lines, attack 21, died (111 ms/piece) — 1359/3000 games, 59.2 positions/s overall
game 4358: 300 pieces, 165 lines, attack 117 (123 ms/piece) — 1360/3000 games, 59.2 positions/s overall
game 4357: 300 pieces, 157 lines, attack 144 (149 ms/piece) — 1361/3000 games, 59.2 positions/s overall
game 4362: 262 pieces, 129 lines, attack 114, died (130 ms/piece) — 1362/3000 games, 59.2 positions/s overall
game 4366: 171 pieces, 83 lines, attack 63, died (116 ms/piece) — 1363/3000 games, 59.2 positions/s overall
game 4360: 300 pieces, 151 lines, attack 129 (136 ms/piece) — 1364/3000 games, 59.2 positions/s overall
game 4361: 300 pieces, 154 lines, attack 131 (135 ms/piece) — 1365/3000 games, 59.3 positions/s overall
game 4364: 300 pieces, 150 lines, attack 134 (134 ms/piece) — 1366/3000 games, 59.2 positions/s overall
game 4365: 300 pieces, 148 lines, attack 137 (140 ms/piece) — 1367/3000 games, 59.2 positions/s overall
game 4367: 300 pieces, 147 lines, attack 123 (122 ms/piece) — 1368/3000 games, 59.2 positions/s overall
game 4370: 173 pieces, 84 lines, attack 62, died (129 ms/piece) — 1369/3000 games, 59.2 positions/s overall
game 4368: 300 pieces, 165 lines, attack 129 (134 ms/piece) — 1370/3000 games, 59.2 positions/s overall
game 4369: 300 pieces, 165 lines, attack 146 (135 ms/piece) — 1371/3000 games, 59.2 positions/s overall
game 4372: 300 pieces, 160 lines, attack 119 (127 ms/piece) — 1372/3000 games, 59.2 positions/s overall
game 4371: 300 pieces, 163 lines, attack 148 (132 ms/piece) — 1373/3000 games, 59.2 positions/s overall
game 4375: 300 pieces, 161 lines, attack 123 (112 ms/piece) — 1374/3000 games, 59.2 positions/s overall
game 4373: 300 pieces, 138 lines, attack 115 (137 ms/piece) — 1375/3000 games, 59.2 positions/s overall
game 4374: 300 pieces, 152 lines, attack 129 (135 ms/piece) — 1376/3000 games, 59.2 positions/s overall
game 4376: 300 pieces, 161 lines, attack 115 (128 ms/piece) — 1377/3000 games, 59.3 positions/s overall
game 4383: 61 pieces, 25 lines, attack 14, died (109 ms/piece) — 1378/3000 games, 59.2 positions/s overall
game 4378: 236 pieces, 121 lines, attack 106, died (122 ms/piece) — 1379/3000 games, 59.2 positions/s overall
game 4382: 112 pieces, 50 lines, attack 39, died (110 ms/piece) — 1380/3000 games, 59.2 positions/s overall
game 4377: 300 pieces, 141 lines, attack 134 (133 ms/piece) — 1381/3000 games, 59.3 positions/s overall
game 4379: 300 pieces, 166 lines, attack 140 (126 ms/piece) — 1382/3000 games, 59.3 positions/s overall
game 4380: 300 pieces, 171 lines, attack 160 (131 ms/piece) — 1383/3000 games, 59.3 positions/s overall
game 4381: 300 pieces, 154 lines, attack 146 (124 ms/piece) — 1384/3000 games, 59.2 positions/s overall
game 4384: 300 pieces, 136 lines, attack 111 (141 ms/piece) — 1385/3000 games, 59.2 positions/s overall
game 4392: 20 pieces, 5 lines, attack 4, died (100 ms/piece) — 1386/3000 games, 59.2 positions/s overall
game 4385: 300 pieces, 158 lines, attack 128 (134 ms/piece) — 1387/3000 games, 59.2 positions/s overall
game 4387: 300 pieces, 146 lines, attack 119 (129 ms/piece) — 1388/3000 games, 59.2 positions/s overall
game 4386: 300 pieces, 158 lines, attack 131 (133 ms/piece) — 1389/3000 games, 59.3 positions/s overall
game 4389: 241 pieces, 120 lines, attack 94, died (137 ms/piece) — 1390/3000 games, 59.3 positions/s overall
game 4388: 300 pieces, 171 lines, attack 129 (135 ms/piece) — 1391/3000 games, 59.3 positions/s overall
game 4391: 223 pieces, 109 lines, attack 82, died (118 ms/piece) — 1392/3000 games, 59.3 positions/s overall
game 4390: 300 pieces, 158 lines, attack 137 (132 ms/piece) — 1393/3000 games, 59.3 positions/s overall
game 4399: 157 pieces, 63 lines, attack 42, died (106 ms/piece) — 1394/3000 games, 59.2 positions/s overall
game 4397: 237 pieces, 115 lines, attack 86, died (127 ms/piece) — 1395/3000 games, 59.2 positions/s overall
game 4393: 300 pieces, 144 lines, attack 118 (135 ms/piece) — 1396/3000 games, 59.2 positions/s overall
game 4394: 300 pieces, 146 lines, attack 153 (133 ms/piece) — 1397/3000 games, 59.2 positions/s overall
game 4395: 300 pieces, 156 lines, attack 136 (136 ms/piece) — 1398/3000 games, 59.3 positions/s overall
game 4396: 300 pieces, 145 lines, attack 119 (139 ms/piece) — 1399/3000 games, 59.3 positions/s overall
game 4398: 300 pieces, 156 lines, attack 137 (138 ms/piece) — 1400/3000 games, 59.3 positions/s overall
game 4400: 300 pieces, 161 lines, attack 115 (130 ms/piece) — 1401/3000 games, 59.3 positions/s overall
game 4408: 71 pieces, 22 lines, attack 10, died (87 ms/piece) — 1402/3000 games, 59.2 positions/s overall
game 4401: 300 pieces, 156 lines, attack 132 (115 ms/piece) — 1403/3000 games, 59.3 positions/s overall
game 4407: 141 pieces, 72 lines, attack 48, died (115 ms/piece) — 1404/3000 games, 59.3 positions/s overall
game 4402: 300 pieces, 156 lines, attack 114 (123 ms/piece) — 1405/3000 games, 59.2 positions/s overall
game 4403: 300 pieces, 153 lines, attack 114 (124 ms/piece) — 1406/3000 games, 59.3 positions/s overall
game 4404: 300 pieces, 155 lines, attack 126 (136 ms/piece) — 1407/3000 games, 59.3 positions/s overall
game 4406: 300 pieces, 164 lines, attack 110 (125 ms/piece) — 1408/3000 games, 59.3 positions/s overall
game 4405: 300 pieces, 154 lines, attack 130 (132 ms/piece) — 1409/3000 games, 59.3 positions/s overall
game 4410: 300 pieces, 151 lines, attack 137 (119 ms/piece) — 1410/3000 games, 59.2 positions/s overall
game 4409: 300 pieces, 148 lines, attack 126 (135 ms/piece) — 1411/3000 games, 59.3 positions/s overall
game 4411: 300 pieces, 146 lines, attack 102 (133 ms/piece) — 1412/3000 games, 59.3 positions/s overall
game 4412: 300 pieces, 143 lines, attack 110 (133 ms/piece) — 1413/3000 games, 59.3 positions/s overall
game 4416: 300 pieces, 147 lines, attack 96 (111 ms/piece) — 1414/3000 games, 59.3 positions/s overall
game 4413: 300 pieces, 155 lines, attack 134 (137 ms/piece) — 1415/3000 games, 59.3 positions/s overall
game 4414: 300 pieces, 156 lines, attack 122 (133 ms/piece) — 1416/3000 games, 59.3 positions/s overall
game 4415: 300 pieces, 150 lines, attack 109 (134 ms/piece) — 1417/3000 games, 59.4 positions/s overall
game 4417: 300 pieces, 162 lines, attack 120 (111 ms/piece) — 1418/3000 games, 59.3 positions/s overall
game 4418: 300 pieces, 155 lines, attack 109 (132 ms/piece) — 1419/3000 games, 59.3 positions/s overall
game 4419: 300 pieces, 146 lines, attack 125 (133 ms/piece) — 1420/3000 games, 59.3 positions/s overall
game 4426: 53 pieces, 16 lines, attack 8, died (122 ms/piece) — 1421/3000 games, 59.3 positions/s overall
game 4420: 300 pieces, 146 lines, attack 120 (130 ms/piece) — 1422/3000 games, 59.3 positions/s overall
game 4422: 300 pieces, 156 lines, attack 102 (118 ms/piece) — 1423/3000 games, 59.3 positions/s overall
game 4421: 300 pieces, 158 lines, attack 136 (131 ms/piece) — 1424/3000 games, 59.3 positions/s overall
game 4423: 300 pieces, 154 lines, attack 129 (130 ms/piece) — 1425/3000 games, 59.3 positions/s overall
game 4424: 300 pieces, 135 lines, attack 109 (140 ms/piece) — 1426/3000 games, 59.3 positions/s overall
game 4425: 300 pieces, 162 lines, attack 125 (125 ms/piece) — 1427/3000 games, 59.3 positions/s overall
game 4427: 300 pieces, 152 lines, attack 128 (139 ms/piece) — 1428/3000 games, 59.2 positions/s overall
game 4428: 300 pieces, 144 lines, attack 121 (133 ms/piece) — 1429/3000 games, 59.3 positions/s overall
game 4429: 300 pieces, 162 lines, attack 149 (135 ms/piece) — 1430/3000 games, 59.3 positions/s overall
game 4431: 289 pieces, 147 lines, attack 121, died (135 ms/piece) — 1431/3000 games, 59.3 positions/s overall
game 4430: 300 pieces, 144 lines, attack 119 (140 ms/piece) — 1432/3000 games, 59.3 positions/s overall
game 4432: 300 pieces, 162 lines, attack 155 (133 ms/piece) — 1433/3000 games, 59.3 positions/s overall
game 4435: 105 pieces, 48 lines, attack 38, died (132 ms/piece) — 1434/3000 games, 59.4 positions/s overall
game 4433: 300 pieces, 154 lines, attack 122 (123 ms/piece) — 1435/3000 games, 59.4 positions/s overall
game 4442: 25 pieces, 4 lines, attack 1, died (94 ms/piece) — 1436/3000 games, 59.4 positions/s overall
game 4434: 300 pieces, 149 lines, attack 135 (118 ms/piece) — 1437/3000 games, 59.4 positions/s overall
game 4439: 136 pieces, 65 lines, attack 53, died (117 ms/piece) — 1438/3000 games, 59.4 positions/s overall
game 4440: 188 pieces, 90 lines, attack 60, died (131 ms/piece) — 1439/3000 games, 59.3 positions/s overall
game 4436: 300 pieces, 146 lines, attack 99 (130 ms/piece) — 1440/3000 games, 59.3 positions/s overall
game 4437: 300 pieces, 166 lines, attack 147 (132 ms/piece) — 1441/3000 games, 59.3 positions/s overall
game 4438: 300 pieces, 156 lines, attack 106 (135 ms/piece) — 1442/3000 games, 59.3 positions/s overall
game 4441: 300 pieces, 144 lines, attack 112 (126 ms/piece) — 1443/3000 games, 59.3 positions/s overall
game 4443: 300 pieces, 149 lines, attack 109 (129 ms/piece) — 1444/3000 games, 59.4 positions/s overall
game 4444: 300 pieces, 143 lines, attack 134 (123 ms/piece) — 1445/3000 games, 59.4 positions/s overall
game 4445: 300 pieces, 163 lines, attack 117 (132 ms/piece) — 1446/3000 games, 59.4 positions/s overall
game 4448: 161 pieces, 71 lines, attack 62, died (121 ms/piece) — 1447/3000 games, 59.4 positions/s overall
game 4446: 237 pieces, 106 lines, attack 73, died (128 ms/piece) — 1448/3000 games, 59.4 positions/s overall
game 4447: 300 pieces, 150 lines, attack 130 (127 ms/piece) — 1449/3000 games, 59.4 positions/s overall
game 4452: 289 pieces, 149 lines, attack 117, died (105 ms/piece) — 1450/3000 games, 59.3 positions/s overall
game 4449: 300 pieces, 152 lines, attack 136 (135 ms/piece) — 1451/3000 games, 59.3 positions/s overall
game 4450: 300 pieces, 152 lines, attack 129 (133 ms/piece) — 1452/3000 games, 59.4 positions/s overall
game 4451: 300 pieces, 150 lines, attack 125 (132 ms/piece) — 1453/3000 games, 59.4 positions/s overall
game 4453: 300 pieces, 143 lines, attack 128 (135 ms/piece) — 1454/3000 games, 59.3 positions/s overall
game 4454: 300 pieces, 150 lines, attack 121 (140 ms/piece) — 1455/3000 games, 59.4 positions/s overall
game 4455: 300 pieces, 154 lines, attack 141 (136 ms/piece) — 1456/3000 games, 59.4 positions/s overall
game 4456: 300 pieces, 163 lines, attack 136 (138 ms/piece) — 1457/3000 games, 59.3 positions/s overall
game 4457: 300 pieces, 165 lines, attack 139 (118 ms/piece) — 1458/3000 games, 59.4 positions/s overall
game 4458: 300 pieces, 145 lines, attack 130 (133 ms/piece) — 1459/3000 games, 59.3 positions/s overall
game 4459: 300 pieces, 160 lines, attack 135 (133 ms/piece) — 1460/3000 games, 59.4 positions/s overall
game 4460: 300 pieces, 149 lines, attack 138 (135 ms/piece) — 1461/3000 games, 59.4 positions/s overall
game 4461: 300 pieces, 147 lines, attack 107 (127 ms/piece) — 1462/3000 games, 59.4 positions/s overall
game 4462: 300 pieces, 161 lines, attack 123 (131 ms/piece) — 1463/3000 games, 59.4 positions/s overall
game 4463: 300 pieces, 147 lines, attack 141 (133 ms/piece) — 1464/3000 games, 59.4 positions/s overall
game 4464: 291 pieces, 141 lines, attack 110, died (124 ms/piece) — 1465/3000 games, 59.4 positions/s overall
game 4465: 300 pieces, 145 lines, attack 107 (121 ms/piece) — 1466/3000 games, 59.4 positions/s overall
game 4467: 300 pieces, 138 lines, attack 86 (129 ms/piece) — 1467/3000 games, 59.3 positions/s overall
game 4466: 300 pieces, 161 lines, attack 168 (141 ms/piece) — 1468/3000 games, 59.4 positions/s overall
game 4468: 300 pieces, 147 lines, attack 138 (141 ms/piece) — 1469/3000 games, 59.4 positions/s overall
game 4469: 300 pieces, 152 lines, attack 112 (132 ms/piece) — 1470/3000 games, 59.4 positions/s overall
game 4470: 300 pieces, 142 lines, attack 121 (134 ms/piece) — 1471/3000 games, 59.4 positions/s overall
game 4476: 79 pieces, 38 lines, attack 31, died (127 ms/piece) — 1472/3000 games, 59.4 positions/s overall
game 4471: 300 pieces, 154 lines, attack 125 (135 ms/piece) — 1473/3000 games, 59.4 positions/s overall
game 4473: 300 pieces, 161 lines, attack 131 (114 ms/piece) — 1474/3000 games, 59.4 positions/s overall
game 4474: 177 pieces, 82 lines, attack 82, died (135 ms/piece) — 1475/3000 games, 59.4 positions/s overall
game 4472: 300 pieces, 151 lines, attack 132 (134 ms/piece) — 1476/3000 games, 59.5 positions/s overall
game 4482: 44 pieces, 17 lines, attack 6, died (81 ms/piece) — 1477/3000 games, 59.5 positions/s overall
game 4475: 300 pieces, 169 lines, attack 136 (140 ms/piece) — 1478/3000 games, 59.4 positions/s overall
game 4477: 300 pieces, 154 lines, attack 124 (140 ms/piece) — 1479/3000 games, 59.3 positions/s overall
game 4480: 300 pieces, 163 lines, attack 158 (126 ms/piece) — 1480/3000 games, 59.3 positions/s overall
game 4481: 300 pieces, 151 lines, attack 110 (118 ms/piece) — 1481/3000 games, 59.4 positions/s overall
game 4479: 300 pieces, 163 lines, attack 131 (132 ms/piece) — 1482/3000 games, 59.4 positions/s overall
game 4478: 300 pieces, 153 lines, attack 148 (141 ms/piece) — 1483/3000 games, 59.4 positions/s overall
game 4484: 300 pieces, 163 lines, attack 135 (131 ms/piece) — 1484/3000 games, 59.4 positions/s overall
game 4483: 300 pieces, 169 lines, attack 155 (138 ms/piece) — 1485/3000 games, 59.5 positions/s overall
game 4485: 300 pieces, 146 lines, attack 119 (132 ms/piece) — 1486/3000 games, 59.4 positions/s overall
game 4488: 300 pieces, 156 lines, attack 126 (110 ms/piece) — 1487/3000 games, 59.3 positions/s overall
game 4493: 89 pieces, 42 lines, attack 31, died (112 ms/piece) — 1488/3000 games, 59.3 positions/s overall
game 4486: 300 pieces, 149 lines, attack 121 (131 ms/piece) — 1489/3000 games, 59.4 positions/s overall
game 4487: 300 pieces, 142 lines, attack 115 (127 ms/piece) — 1490/3000 games, 59.4 positions/s overall
game 4490: 300 pieces, 168 lines, attack 142 (125 ms/piece) — 1491/3000 games, 59.4 positions/s overall
game 4489: 300 pieces, 150 lines, attack 136 (129 ms/piece) — 1492/3000 games, 59.5 positions/s overall
game 4494: 92 pieces, 43 lines, attack 27, died (109 ms/piece) — 1493/3000 games, 59.5 positions/s overall
game 4492: 300 pieces, 157 lines, attack 118 (131 ms/piece) — 1494/3000 games, 59.5 positions/s overall
game 4491: 300 pieces, 144 lines, attack 135 (136 ms/piece) — 1495/3000 games, 59.5 positions/s overall
game 4496: 300 pieces, 144 lines, attack 83 (131 ms/piece) — 1496/3000 games, 59.3 positions/s overall
game 4495: 300 pieces, 152 lines, attack 115 (138 ms/piece) — 1497/3000 games, 59.3 positions/s overall
game 4497: 300 pieces, 160 lines, attack 139 (135 ms/piece) — 1498/3000 games, 59.4 positions/s overall
game 4500: 300 pieces, 152 lines, attack 109 (120 ms/piece) — 1499/3000 games, 59.4 positions/s overall
game 4499: 300 pieces, 143 lines, attack 100 (134 ms/piece) — 1500/3000 games, 59.4 positions/s overall
game 4498: 300 pieces, 153 lines, attack 131 (139 ms/piece) — 1501/3000 games, 59.5 positions/s overall
game 4501: 300 pieces, 170 lines, attack 127 (123 ms/piece) — 1502/3000 games, 59.5 positions/s overall
game 4502: 300 pieces, 151 lines, attack 124 (140 ms/piece) — 1503/3000 games, 59.5 positions/s overall
game 4508: 105 pieces, 45 lines, attack 28, died (130 ms/piece) — 1504/3000 games, 59.5 positions/s overall
game 4511: 56 pieces, 17 lines, attack 6, died (90 ms/piece) — 1505/3000 games, 59.4 positions/s overall
game 4505: 284 pieces, 136 lines, attack 94, died (123 ms/piece) — 1506/3000 games, 59.4 positions/s overall
game 4503: 300 pieces, 160 lines, attack 125 (132 ms/piece) — 1507/3000 games, 59.4 positions/s overall
game 4506: 300 pieces, 170 lines, attack 153 (126 ms/piece) — 1508/3000 games, 59.4 positions/s overall
game 4507: 300 pieces, 150 lines, attack 121 (124 ms/piece) — 1509/3000 games, 59.5 positions/s overall
game 4504: 300 pieces, 163 lines, attack 126 (135 ms/piece) — 1510/3000 games, 59.5 positions/s overall
game 4509: 224 pieces, 110 lines, attack 88, died (146 ms/piece) — 1511/3000 games, 59.5 positions/s overall
game 4510: 300 pieces, 146 lines, attack 127 (138 ms/piece) — 1512/3000 games, 59.4 positions/s overall
game 4512: 300 pieces, 165 lines, attack 149 (125 ms/piece) — 1513/3000 games, 59.4 positions/s overall
game 4515: 300 pieces, 144 lines, attack 90 (110 ms/piece) — 1514/3000 games, 59.4 positions/s overall
game 4513: 300 pieces, 142 lines, attack 105 (126 ms/piece) — 1515/3000 games, 59.4 positions/s overall
game 4518: 300 pieces, 178 lines, attack 115 (116 ms/piece) — 1516/3000 games, 59.4 positions/s overall
game 4517: 300 pieces, 151 lines, attack 111 (130 ms/piece) — 1517/3000 games, 59.4 positions/s overall
game 4514: 300 pieces, 151 lines, attack 130 (136 ms/piece) — 1518/3000 games, 59.5 positions/s overall
game 4524: 22 pieces, 4 lines, attack 0, died (98 ms/piece) — 1519/3000 games, 59.5 positions/s overall
game 4516: 300 pieces, 149 lines, attack 151 (139 ms/piece) — 1520/3000 games, 59.5 positions/s overall
game 4519: 300 pieces, 170 lines, attack 166 (127 ms/piece) — 1521/3000 games, 59.4 positions/s overall
game 4520: 300 pieces, 146 lines, attack 152 (137 ms/piece) — 1522/3000 games, 59.4 positions/s overall
game 4521: 300 pieces, 159 lines, attack 115 (110 ms/piece) — 1523/3000 games, 59.4 positions/s overall
game 4522: 300 pieces, 138 lines, attack 117 (137 ms/piece) — 1524/3000 games, 59.4 positions/s overall
game 4523: 300 pieces, 168 lines, attack 127 (130 ms/piece) — 1525/3000 games, 59.4 positions/s overall
game 4525: 300 pieces, 154 lines, attack 108 (134 ms/piece) — 1526/3000 games, 59.4 positions/s overall
game 4527: 300 pieces, 166 lines, attack 130 (134 ms/piece) — 1527/3000 games, 59.5 positions/s overall
game 4526: 300 pieces, 146 lines, attack 135 (137 ms/piece) — 1528/3000 games, 59.5 positions/s overall
game 4534: 105 pieces, 47 lines, attack 32, died (115 ms/piece) — 1529/3000 games, 59.4 positions/s overall
game 4528: 300 pieces, 149 lines, attack 108 (134 ms/piece) — 1530/3000 games, 59.5 positions/s overall
game 4533: 120 pieces, 64 lines, attack 48, died (127 ms/piece) — 1531/3000 games, 59.5 positions/s overall
game 4529: 300 pieces, 152 lines, attack 121 (133 ms/piece) — 1532/3000 games, 59.5 positions/s overall
game 4530: 300 pieces, 155 lines, attack 125 (122 ms/piece) — 1533/3000 games, 59.5 positions/s overall
game 4531: 300 pieces, 158 lines, attack 134 (132 ms/piece) — 1534/3000 games, 59.4 positions/s overall
game 4532: 300 pieces, 161 lines, attack 123 (140 ms/piece) — 1535/3000 games, 59.5 positions/s overall
game 4535: 300 pieces, 149 lines, attack 102 (136 ms/piece) — 1536/3000 games, 59.5 positions/s overall
game 4536: 300 pieces, 178 lines, attack 138 (130 ms/piece) — 1537/3000 games, 59.4 positions/s overall
game 4538: 300 pieces, 171 lines, attack 142 (128 ms/piece) — 1538/3000 games, 59.5 positions/s overall
game 4537: 300 pieces, 151 lines, attack 120 (133 ms/piece) — 1539/3000 games, 59.5 positions/s overall
game 4541: 180 pieces, 81 lines, attack 68, died (118 ms/piece) — 1540/3000 games, 59.5 positions/s overall
game 4540: 300 pieces, 160 lines, attack 132 (123 ms/piece) — 1541/3000 games, 59.5 positions/s overall
game 4539: 300 pieces, 147 lines, attack 164 (137 ms/piece) — 1542/3000 games, 59.5 positions/s overall
game 4548: 53 pieces, 16 lines, attack 14, died (107 ms/piece) — 1543/3000 games, 59.5 positions/s overall
game 4546: 113 pieces, 40 lines, attack 33, died (123 ms/piece) — 1544/3000 games, 59.5 positions/s overall
game 4542: 300 pieces, 148 lines, attack 131 (133 ms/piece) — 1545/3000 games, 59.5 positions/s overall
game 4543: 300 pieces, 162 lines, attack 132 (124 ms/piece) — 1546/3000 games, 59.5 positions/s overall
game 4551: 170 pieces, 77 lines, attack 66, died (129 ms/piece) — 1547/3000 games, 59.4 positions/s overall
game 4545: 300 pieces, 172 lines, attack 137 (124 ms/piece) — 1548/3000 games, 59.5 positions/s overall
game 4544: 300 pieces, 139 lines, attack 112 (137 ms/piece) — 1549/3000 games, 59.5 positions/s overall
game 4547: 300 pieces, 150 lines, attack 121 (131 ms/piece) — 1550/3000 games, 59.5 positions/s overall
game 4550: 300 pieces, 153 lines, attack 117 (105 ms/piece) — 1551/3000 games, 59.5 positions/s overall
game 4549: 300 pieces, 153 lines, attack 118 (127 ms/piece) — 1552/3000 games, 59.6 positions/s overall
game 4555: 118 pieces, 55 lines, attack 39, died (129 ms/piece) — 1553/3000 games, 59.5 positions/s overall
game 4553: 232 pieces, 116 lines, attack 88, died (124 ms/piece) — 1554/3000 games, 59.5 positions/s overall
game 4552: 300 pieces, 157 lines, attack 117 (132 ms/piece) — 1555/3000 games, 59.5 positions/s overall
game 4554: 300 pieces, 148 lines, attack 127 (119 ms/piece) — 1556/3000 games, 59.5 positions/s overall
game 4558: 300 pieces, 149 lines, attack 119 (112 ms/piece) — 1557/3000 games, 59.5 positions/s overall
game 4556: 300 pieces, 155 lines, attack 114 (126 ms/piece) — 1558/3000 games, 59.5 positions/s overall
game 4557: 300 pieces, 167 lines, attack 142 (129 ms/piece) — 1559/3000 games, 59.5 positions/s overall
game 4559: 300 pieces, 154 lines, attack 101 (119 ms/piece) — 1560/3000 games, 59.6 positions/s overall
game 4560: 300 pieces, 139 lines, attack 109 (140 ms/piece) — 1561/3000 games, 59.5 positions/s overall
game 4561: 300 pieces, 157 lines, attack 128 (136 ms/piece) — 1562/3000 games, 59.5 positions/s overall
game 4562: 300 pieces, 161 lines, attack 124 (130 ms/piece) — 1563/3000 games, 59.5 positions/s overall
game 4563: 300 pieces, 153 lines, attack 126 (119 ms/piece) — 1564/3000 games, 59.5 positions/s overall
game 4564: 300 pieces, 155 lines, attack 122 (119 ms/piece) — 1565/3000 games, 59.5 positions/s overall
game 4568: 140 pieces, 58 lines, attack 38, died (130 ms/piece) — 1566/3000 games, 59.5 positions/s overall
game 4566: 256 pieces, 124 lines, attack 113, died (131 ms/piece) — 1567/3000 games, 59.6 positions/s overall
game 4565: 300 pieces, 162 lines, attack 120 (135 ms/piece) — 1568/3000 games, 59.6 positions/s overall
game 4567: 300 pieces, 164 lines, attack 127 (141 ms/piece) — 1569/3000 games, 59.6 positions/s overall
game 4570: 197 pieces, 109 lines, attack 89, died (116 ms/piece) — 1570/3000 games, 59.6 positions/s overall
game 4573: 187 pieces, 99 lines, attack 92, died (121 ms/piece) — 1571/3000 games, 59.5 positions/s overall
game 4569: 300 pieces, 145 lines, attack 120 (136 ms/piece) — 1572/3000 games, 59.5 positions/s overall
game 4571: 300 pieces, 165 lines, attack 146 (128 ms/piece) — 1573/3000 games, 59.5 positions/s overall
game 4572: 300 pieces, 144 lines, attack 120 (116 ms/piece) — 1574/3000 games, 59.6 positions/s overall
game 4574: 300 pieces, 151 lines, attack 130 (122 ms/piece) — 1575/3000 games, 59.6 positions/s overall
game 4575: 300 pieces, 153 lines, attack 127 (131 ms/piece) — 1576/3000 games, 59.5 positions/s overall
game 4576: 300 pieces, 153 lines, attack 121 (125 ms/piece) — 1577/3000 games, 59.6 positions/s overall
game 4577: 300 pieces, 156 lines, attack 141 (137 ms/piece) — 1578/3000 games, 59.6 positions/s overall
game 4579: 300 pieces, 158 lines, attack 129 (128 ms/piece) — 1579/3000 games, 59.5 positions/s overall
game 4578: 300 pieces, 147 lines, attack 98 (137 ms/piece) — 1580/3000 games, 59.6 positions/s overall
game 4581: 300 pieces, 152 lines, attack 138 (116 ms/piece) — 1581/3000 games, 59.6 positions/s overall
game 4588: 46 pieces, 13 lines, attack 10, died (94 ms/piece) — 1582/3000 games, 59.5 positions/s overall
game 4582: 300 pieces, 153 lines, attack 123 (119 ms/piece) — 1583/3000 games, 59.6 positions/s overall
game 4580: 300 pieces, 155 lines, attack 148 (139 ms/piece) — 1584/3000 games, 59.6 positions/s overall
game 4583: 300 pieces, 158 lines, attack 115 (124 ms/piece) — 1585/3000 games, 59.6 positions/s overall
game 4587: 161 pieces, 76 lines, attack 59, died (125 ms/piece) — 1586/3000 games, 59.6 positions/s overall
game 4584: 300 pieces, 157 lines, attack 110 (128 ms/piece) — 1587/3000 games, 59.6 positions/s overall
game 4585: 255 pieces, 130 lines, attack 130, died (137 ms/piece) — 1588/3000 games, 59.6 positions/s overall
game 4586: 300 pieces, 159 lines, attack 132 (127 ms/piece) — 1589/3000 games, 59.6 positions/s overall
game 4589: 300 pieces, 162 lines, attack 147 (115 ms/piece) — 1590/3000 games, 59.6 positions/s overall
game 4590: 300 pieces, 137 lines, attack 109 (141 ms/piece) — 1591/3000 games, 59.5 positions/s overall
game 4591: 300 pieces, 162 lines, attack 135 (139 ms/piece) — 1592/3000 games, 59.6 positions/s overall
game 4599: 60 pieces, 23 lines, attack 12, died (99 ms/piece) — 1593/3000 games, 59.5 positions/s overall
game 4592: 300 pieces, 165 lines, attack 134 (139 ms/piece) — 1594/3000 games, 59.5 positions/s overall
game 4594: 300 pieces, 148 lines, attack 110 (127 ms/piece) — 1595/3000 games, 59.6 positions/s overall
game 4593: 300 pieces, 147 lines, attack 138 (141 ms/piece) — 1596/3000 games, 59.6 positions/s overall
game 4603: 27 pieces, 4 lines, attack 4, died (128 ms/piece) — 1597/3000 games, 59.6 positions/s overall
game 4595: 300 pieces, 158 lines, attack 158 (142 ms/piece) — 1598/3000 games, 59.6 positions/s overall
game 4597: 221 pieces, 123 lines, attack 97, died (116 ms/piece) — 1599/3000 games, 59.6 positions/s overall
game 4596: 300 pieces, 159 lines, attack 131 (133 ms/piece) — 1600/3000 games, 59.6 positions/s overall
game 4598: 300 pieces, 149 lines, attack 101 (120 ms/piece) — 1601/3000 games, 59.6 positions/s overall
game 4600: 300 pieces, 178 lines, attack 142 (126 ms/piece) — 1602/3000 games, 59.5 positions/s overall
game 4601: 300 pieces, 164 lines, attack 110 (123 ms/piece) — 1603/3000 games, 59.6 positions/s overall
game 4602: 300 pieces, 167 lines, attack 121 (129 ms/piece) — 1604/3000 games, 59.6 positions/s overall
game 4606: 300 pieces, 156 lines, attack 120 (117 ms/piece) — 1605/3000 games, 59.6 positions/s overall
game 4605: 300 pieces, 158 lines, attack 147 (136 ms/piece) — 1606/3000 games, 59.6 positions/s overall
game 4604: 300 pieces, 150 lines, attack 131 (141 ms/piece) — 1607/3000 games, 59.6 positions/s overall
game 4607: 300 pieces, 157 lines, attack 169 (137 ms/piece) — 1608/3000 games, 59.6 positions/s overall
game 4608: 300 pieces, 156 lines, attack 150 (152 ms/piece) — 1609/3000 games, 59.5 positions/s overall
game 4611: 258 pieces, 115 lines, attack 88, died (133 ms/piece) — 1610/3000 games, 59.5 positions/s overall
game 4610: 300 pieces, 147 lines, attack 116 (139 ms/piece) — 1611/3000 games, 59.6 positions/s overall
game 4612: 300 pieces, 138 lines, attack 101 (117 ms/piece) — 1612/3000 games, 59.6 positions/s overall
game 4609: 300 pieces, 152 lines, attack 137 (145 ms/piece) — 1613/3000 games, 59.6 positions/s overall
game 4613: 300 pieces, 143 lines, attack 133 (128 ms/piece) — 1614/3000 games, 59.6 positions/s overall
game 4615: 223 pieces, 120 lines, attack 94, died (129 ms/piece) — 1615/3000 games, 59.6 positions/s overall
game 4622: 32 pieces, 9 lines, attack 3, died (105 ms/piece) — 1616/3000 games, 59.6 positions/s overall
game 4614: 300 pieces, 135 lines, attack 112 (143 ms/piece) — 1617/3000 games, 59.7 positions/s overall
game 4618: 173 pieces, 76 lines, attack 46, died (125 ms/piece) — 1618/3000 games, 59.6 positions/s overall
game 4623: 109 pieces, 49 lines, attack 40, died (124 ms/piece) — 1619/3000 games, 59.6 positions/s overall
game 4616: 300 pieces, 157 lines, attack 113 (129 ms/piece) — 1620/3000 games, 59.6 positions/s overall
game 4619: 300 pieces, 144 lines, attack 116 (112 ms/piece) — 1621/3000 games, 59.6 positions/s overall
game 4617: 300 pieces, 153 lines, attack 150 (141 ms/piece) — 1622/3000 games, 59.6 positions/s overall
game 4620: 300 pieces, 147 lines, attack 105 (132 ms/piece) — 1623/3000 games, 59.6 positions/s overall
game 4621: 300 pieces, 156 lines, attack 118 (127 ms/piece) — 1624/3000 games, 59.6 positions/s overall
game 4624: 300 pieces, 150 lines, attack 142 (135 ms/piece) — 1625/3000 games, 59.6 positions/s overall
game 4625: 300 pieces, 146 lines, attack 132 (141 ms/piece) — 1626/3000 games, 59.6 positions/s overall
game 4626: 300 pieces, 147 lines, attack 132 (141 ms/piece) — 1627/3000 games, 59.6 positions/s overall
game 4628: 300 pieces, 158 lines, attack 113 (129 ms/piece) — 1628/3000 games, 59.6 positions/s overall
game 4627: 300 pieces, 147 lines, attack 151 (141 ms/piece) — 1629/3000 games, 59.6 positions/s overall
game 4629: 300 pieces, 149 lines, attack 126 (139 ms/piece) — 1630/3000 games, 59.6 positions/s overall
game 4630: 300 pieces, 156 lines, attack 101 (131 ms/piece) — 1631/3000 games, 59.6 positions/s overall
game 4634: 134 pieces, 67 lines, attack 57, died (127 ms/piece) — 1632/3000 games, 59.6 positions/s overall
game 4631: 282 pieces, 144 lines, attack 125, died (139 ms/piece) — 1633/3000 games, 59.6 positions/s overall
game 4637: 54 pieces, 21 lines, attack 20, died (104 ms/piece) — 1634/3000 games, 59.6 positions/s overall
game 4632: 300 pieces, 154 lines, attack 134 (140 ms/piece) — 1635/3000 games, 59.6 positions/s overall
game 4633: 300 pieces, 150 lines, attack 146 (143 ms/piece) — 1636/3000 games, 59.6 positions/s overall
game 4635: 300 pieces, 146 lines, attack 120 (113 ms/piece) — 1637/3000 games, 59.6 positions/s overall
game 4636: 300 pieces, 156 lines, attack 115 (129 ms/piece) — 1638/3000 games, 59.6 positions/s overall
game 4638: 300 pieces, 160 lines, attack 146 (137 ms/piece) — 1639/3000 games, 59.6 positions/s overall
game 4644: 153 pieces, 81 lines, attack 59, died (116 ms/piece) — 1640/3000 games, 59.6 positions/s overall
game 4639: 300 pieces, 155 lines, attack 150 (141 ms/piece) — 1641/3000 games, 59.6 positions/s overall
game 4641: 300 pieces, 156 lines, attack 150 (138 ms/piece) — 1642/3000 games, 59.6 positions/s overall
game 4640: 300 pieces, 140 lines, attack 121 (143 ms/piece) — 1643/3000 games, 59.7 positions/s overall
game 4642: 300 pieces, 169 lines, attack 126 (143 ms/piece) — 1644/3000 games, 59.6 positions/s overall
game 4643: 300 pieces, 154 lines, attack 165 (151 ms/piece) — 1645/3000 games, 59.5 positions/s overall
game 4645: 300 pieces, 154 lines, attack 109 (142 ms/piece) — 1646/3000 games, 59.5 positions/s overall
game 4646: 256 pieces, 116 lines, attack 94, died (139 ms/piece) — 1647/3000 games, 59.6 positions/s overall
game 4647: 300 pieces, 142 lines, attack 131 (132 ms/piece) — 1648/3000 games, 59.6 positions/s overall
game 4649: 300 pieces, 142 lines, attack 90 (136 ms/piece) — 1649/3000 games, 59.6 positions/s overall
game 4648: 300 pieces, 146 lines, attack 120 (141 ms/piece) — 1650/3000 games, 59.6 positions/s overall
game 4650: 300 pieces, 144 lines, attack 113 (140 ms/piece) — 1651/3000 games, 59.6 positions/s overall
game 4651: 300 pieces, 152 lines, attack 109 (140 ms/piece) — 1652/3000 games, 59.6 positions/s overall
game 4658: 126 pieces, 54 lines, attack 47, died (129 ms/piece) — 1653/3000 games, 59.6 positions/s overall
game 4652: 300 pieces, 160 lines, attack 143 (136 ms/piece) — 1654/3000 games, 59.5 positions/s overall
game 4653: 300 pieces, 160 lines, attack 130 (132 ms/piece) — 1655/3000 games, 59.6 positions/s overall
game 4654: 300 pieces, 154 lines, attack 143 (145 ms/piece) — 1656/3000 games, 59.6 positions/s overall
game 4655: 300 pieces, 144 lines, attack 130 (131 ms/piece) — 1657/3000 games, 59.6 positions/s overall
game 4657: 300 pieces, 163 lines, attack 156 (144 ms/piece) — 1658/3000 games, 59.6 positions/s overall
game 4656: 300 pieces, 175 lines, attack 123 (150 ms/piece) — 1659/3000 games, 59.6 positions/s overall
game 4664: 71 pieces, 29 lines, attack 33, died (130 ms/piece) — 1660/3000 games, 59.6 positions/s overall
game 4659: 300 pieces, 153 lines, attack 132 (140 ms/piece) — 1661/3000 games, 59.6 positions/s overall
game 4660: 300 pieces, 144 lines, attack 97 (139 ms/piece) — 1662/3000 games, 59.6 positions/s overall
game 4661: 300 pieces, 156 lines, attack 140 (138 ms/piece) — 1663/3000 games, 59.5 positions/s overall
game 4668: 134 pieces, 63 lines, attack 55, died (119 ms/piece) — 1664/3000 games, 59.5 positions/s overall
game 4662: 300 pieces, 154 lines, attack 116 (139 ms/piece) — 1665/3000 games, 59.6 positions/s overall
game 4663: 300 pieces, 142 lines, attack 132 (136 ms/piece) — 1666/3000 games, 59.6 positions/s overall
game 4667: 300 pieces, 135 lines, attack 108 (114 ms/piece) — 1667/3000 games, 59.6 positions/s overall
game 4665: 300 pieces, 162 lines, attack 106 (118 ms/piece) — 1668/3000 games, 59.6 positions/s overall
game 4673: 107 pieces, 50 lines, attack 40, died (109 ms/piece) — 1669/3000 games, 59.6 positions/s overall
game 4666: 300 pieces, 151 lines, attack 124 (141 ms/piece) — 1670/3000 games, 59.6 positions/s overall
game 4677: 42 pieces, 14 lines, attack 10, died (117 ms/piece) — 1671/3000 games, 59.6 positions/s overall
game 4669: 300 pieces, 147 lines, attack 134 (141 ms/piece) — 1672/3000 games, 59.5 positions/s overall
game 4676: 136 pieces, 66 lines, attack 49, died (145 ms/piece) — 1673/3000 games, 59.5 positions/s overall
game 4670: 300 pieces, 165 lines, attack 122 (132 ms/piece) — 1674/3000 games, 59.6 positions/s overall
game 4671: 300 pieces, 146 lines, attack 104 (130 ms/piece) — 1675/3000 games, 59.6 positions/s overall
game 4672: 300 pieces, 145 lines, attack 104 (134 ms/piece) — 1676/3000 games, 59.6 positions/s overall
game 4674: 300 pieces, 148 lines, attack 127 (124 ms/piece) — 1677/3000 games, 59.6 positions/s overall
game 4675: 300 pieces, 147 lines, attack 134 (142 ms/piece) — 1678/3000 games, 59.6 positions/s overall
game 4681: 179 pieces, 93 lines, attack 68, died (116 ms/piece) — 1679/3000 games, 59.6 positions/s overall
game 4678: 300 pieces, 146 lines, attack 123 (130 ms/piece) — 1680/3000 games, 59.6 positions/s overall
game 4679: 300 pieces, 160 lines, attack 130 (123 ms/piece) — 1681/3000 games, 59.6 positions/s overall
game 4680: 300 pieces, 147 lines, attack 132 (126 ms/piece) — 1682/3000 games, 59.6 positions/s overall
game 4684: 300 pieces, 172 lines, attack 116 (107 ms/piece) — 1683/3000 games, 59.6 positions/s overall
game 4682: 300 pieces, 147 lines, attack 127 (135 ms/piece) — 1684/3000 games, 59.6 positions/s overall
game 4687: 162 pieces, 76 lines, attack 64, died (122 ms/piece) — 1685/3000 games, 59.6 positions/s overall
game 4683: 300 pieces, 145 lines, attack 123 (136 ms/piece) — 1686/3000 games, 59.7 positions/s overall
game 4685: 300 pieces, 187 lines, attack 135 (122 ms/piece) — 1687/3000 games, 59.6 positions/s overall
game 4686: 300 pieces, 156 lines, attack 127 (127 ms/piece) — 1688/3000 games, 59.6 positions/s overall
game 4688: 300 pieces, 142 lines, attack 129 (131 ms/piece) — 1689/3000 games, 59.6 positions/s overall
game 4689: 300 pieces, 155 lines, attack 124 (128 ms/piece) — 1690/3000 games, 59.6 positions/s overall
game 4693: 245 pieces, 131 lines, attack 95, died (129 ms/piece) — 1691/3000 games, 59.6 positions/s overall
game 4690: 300 pieces, 155 lines, attack 122 (118 ms/piece) — 1692/3000 games, 59.6 positions/s overall
game 4691: 300 pieces, 162 lines, attack 140 (126 ms/piece) — 1693/3000 games, 59.6 positions/s overall
game 4692: 300 pieces, 162 lines, attack 109 (124 ms/piece) — 1694/3000 games, 59.7 positions/s overall
game 4695: 227 pieces, 120 lines, attack 98, died (117 ms/piece) — 1695/3000 games, 59.7 positions/s overall
game 4694: 300 pieces, 146 lines, attack 119 (128 ms/piece) — 1696/3000 games, 59.7 positions/s overall
game 4699: 159 pieces, 79 lines, attack 51, died (102 ms/piece) — 1697/3000 games, 59.7 positions/s overall
game 4700: 156 pieces, 80 lines, attack 66, died (120 ms/piece) — 1698/3000 games, 59.6 positions/s overall
game 4704: 118 pieces, 51 lines, attack 41, died (128 ms/piece) — 1699/3000 games, 59.6 positions/s overall
game 4696: 300 pieces, 157 lines, attack 132 (137 ms/piece) — 1700/3000 games, 59.6 positions/s overall
game 4698: 300 pieces, 162 lines, attack 117 (126 ms/piece) — 1701/3000 games, 59.6 positions/s overall
game 4697: 300 pieces, 167 lines, attack 155 (152 ms/piece) — 1702/3000 games, 59.6 positions/s overall
game 4708: 44 pieces, 12 lines, attack 14, died (162 ms/piece) — 1703/3000 games, 59.6 positions/s overall
game 4701: 300 pieces, 148 lines, attack 115 (139 ms/piece) — 1704/3000 games, 59.6 positions/s overall
game 4702: 300 pieces, 163 lines, attack 115 (135 ms/piece) — 1705/3000 games, 59.7 positions/s overall
game 4703: 300 pieces, 151 lines, attack 120 (147 ms/piece) — 1706/3000 games, 59.6 positions/s overall
game 4710: 131 pieces, 63 lines, attack 47, died (133 ms/piece) — 1707/3000 games, 59.6 positions/s overall
game 4705: 300 pieces, 163 lines, attack 139 (146 ms/piece) — 1708/3000 games, 59.6 positions/s overall
game 4706: 300 pieces, 148 lines, attack 103 (121 ms/piece) — 1709/3000 games, 59.6 positions/s overall
game 4709: 202 pieces, 93 lines, attack 74, died (136 ms/piece) — 1710/3000 games, 59.6 positions/s overall
game 4707: 300 pieces, 162 lines, attack 138 (129 ms/piece) — 1711/3000 games, 59.7 positions/s overall
game 4711: 300 pieces, 167 lines, attack 144 (134 ms/piece) — 1712/3000 games, 59.6 positions/s overall
game 4712: 300 pieces, 155 lines, attack 124 (142 ms/piece) — 1713/3000 games, 59.6 positions/s overall
game 4713: 300 pieces, 167 lines, attack 121 (134 ms/piece) — 1714/3000 games, 59.6 positions/s overall
game 4714: 300 pieces, 149 lines, attack 130 (140 ms/piece) — 1715/3000 games, 59.6 positions/s overall
game 4718: 220 pieces, 109 lines, attack 101, died (138 ms/piece) — 1716/3000 games, 59.6 positions/s overall
game 4716: 300 pieces, 156 lines, attack 129 (132 ms/piece) — 1717/3000 games, 59.6 positions/s overall
game 4715: 300 pieces, 152 lines, attack 109 (142 ms/piece) — 1718/3000 games, 59.7 positions/s overall
game 4717: 300 pieces, 150 lines, attack 117 (131 ms/piece) — 1719/3000 games, 59.7 positions/s overall
game 4719: 300 pieces, 152 lines, attack 101 (136 ms/piece) — 1720/3000 games, 59.6 positions/s overall
game 4720: 300 pieces, 137 lines, attack 105 (152 ms/piece) — 1721/3000 games, 59.6 positions/s overall
game 4722: 265 pieces, 137 lines, attack 114, died (145 ms/piece) — 1722/3000 games, 59.5 positions/s overall
game 4721: 300 pieces, 160 lines, attack 135 (154 ms/piece) — 1723/3000 games, 59.6 positions/s overall
game 4724: 300 pieces, 159 lines, attack 133 (140 ms/piece) — 1724/3000 games, 59.6 positions/s overall
game 4723: 300 pieces, 140 lines, attack 104 (152 ms/piece) — 1725/3000 games, 59.6 positions/s overall
game 4726: 300 pieces, 154 lines, attack 129 (143 ms/piece) — 1726/3000 games, 59.6 positions/s overall
game 4725: 300 pieces, 159 lines, attack 132 (154 ms/piece) — 1727/3000 games, 59.6 positions/s overall
game 4730: 198 pieces, 95 lines, attack 62, died (117 ms/piece) — 1728/3000 games, 59.6 positions/s overall
game 4727: 300 pieces, 154 lines, attack 135 (145 ms/piece) — 1729/3000 games, 59.6 positions/s overall
game 4728: 300 pieces, 152 lines, attack 128 (145 ms/piece) — 1730/3000 games, 59.6 positions/s overall
game 4729: 300 pieces, 152 lines, attack 133 (134 ms/piece) — 1731/3000 games, 59.6 positions/s overall
game 4731: 300 pieces, 158 lines, attack 130 (121 ms/piece) — 1732/3000 games, 59.6 positions/s overall
game 4732: 300 pieces, 153 lines, attack 128 (131 ms/piece) — 1733/3000 games, 59.6 positions/s overall
game 4733: 300 pieces, 154 lines, attack 138 (125 ms/piece) — 1734/3000 games, 59.6 positions/s overall
game 4734: 300 pieces, 166 lines, attack 116 (129 ms/piece) — 1735/3000 games, 59.6 positions/s overall
game 4739: 83 pieces, 38 lines, attack 33, died (117 ms/piece) — 1736/3000 games, 59.6 positions/s overall
game 4735: 300 pieces, 162 lines, attack 154 (138 ms/piece) — 1737/3000 games, 59.6 positions/s overall
game 4736: 300 pieces, 147 lines, attack 140 (136 ms/piece) — 1738/3000 games, 59.6 positions/s overall
game 4737: 300 pieces, 154 lines, attack 118 (134 ms/piece) — 1739/3000 games, 59.6 positions/s overall
game 4743: 238 pieces, 110 lines, attack 88, died (117 ms/piece) — 1740/3000 games, 59.6 positions/s overall
game 4738: 300 pieces, 144 lines, attack 127 (141 ms/piece) — 1741/3000 games, 59.6 positions/s overall
game 4741: 300 pieces, 167 lines, attack 157 (131 ms/piece) — 1742/3000 games, 59.6 positions/s overall
game 4740: 300 pieces, 151 lines, attack 127 (133 ms/piece) — 1743/3000 games, 59.6 positions/s overall
game 4742: 300 pieces, 176 lines, attack 123 (123 ms/piece) — 1744/3000 games, 59.7 positions/s overall
game 4744: 233 pieces, 120 lines, attack 109, died (127 ms/piece) — 1745/3000 games, 59.6 positions/s overall
game 4747: 193 pieces, 106 lines, attack 90, died (110 ms/piece) — 1746/3000 games, 59.6 positions/s overall
game 4745: 300 pieces, 144 lines, attack 96 (130 ms/piece) — 1747/3000 games, 59.6 positions/s overall
game 4746: 300 pieces, 152 lines, attack 125 (133 ms/piece) — 1748/3000 games, 59.6 positions/s overall
game 4748: 300 pieces, 156 lines, attack 143 (135 ms/piece) — 1749/3000 games, 59.6 positions/s overall
game 4749: 300 pieces, 160 lines, attack 139 (130 ms/piece) — 1750/3000 games, 59.6 positions/s overall
game 4750: 300 pieces, 139 lines, attack 119 (133 ms/piece) — 1751/3000 games, 59.6 positions/s overall
game 4751: 300 pieces, 167 lines, attack 130 (134 ms/piece) — 1752/3000 games, 59.7 positions/s overall
game 4752: 300 pieces, 180 lines, attack 162 (128 ms/piece) — 1753/3000 games, 59.6 positions/s overall
game 4758: 74 pieces, 27 lines, attack 23, died (140 ms/piece) — 1754/3000 games, 59.6 positions/s overall
game 4756: 116 pieces, 54 lines, attack 46, died (132 ms/piece) — 1755/3000 games, 59.6 positions/s overall
game 4753: 300 pieces, 152 lines, attack 121 (138 ms/piece) — 1756/3000 games, 59.6 positions/s overall
game 4759: 144 pieces, 60 lines, attack 44, died (182 ms/piece) — 1757/3000 games, 59.6 positions/s overall
game 4754: 300 pieces, 152 lines, attack 133 (160 ms/piece) — 1758/3000 games, 59.6 positions/s overall
game 4755: 300 pieces, 172 lines, attack 137 (162 ms/piece) — 1759/3000 games, 59.6 positions/s overall
game 4757: 300 pieces, 159 lines, attack 139 (172 ms/piece) — 1760/3000 games, 59.5 positions/s overall
game 4763: 300 pieces, 161 lines, attack 134 (164 ms/piece) — 1761/3000 games, 59.4 positions/s overall
game 4762: 300 pieces, 165 lines, attack 152 (189 ms/piece) — 1762/3000 games, 59.5 positions/s overall
game 4760: 300 pieces, 149 lines, attack 132 (201 ms/piece) — 1763/3000 games, 59.5 positions/s overall
game 4761: 300 pieces, 158 lines, attack 143 (201 ms/piece) — 1764/3000 games, 59.5 positions/s overall
game 4769: 24 pieces, 2 lines, attack 1, died (147 ms/piece) — 1765/3000 games, 59.5 positions/s overall
game 4764: 300 pieces, 155 lines, attack 123 (173 ms/piece) — 1766/3000 games, 59.5 positions/s overall
game 4765: 300 pieces, 160 lines, attack 136 (173 ms/piece) — 1767/3000 games, 59.5 positions/s overall
game 4771: 101 pieces, 47 lines, attack 37, died (138 ms/piece) — 1768/3000 games, 59.5 positions/s overall
game 4767: 300 pieces, 156 lines, attack 114 (137 ms/piece) — 1769/3000 games, 59.5 positions/s overall
game 4766: 300 pieces, 157 lines, attack 138 (175 ms/piece) — 1770/3000 games, 59.5 positions/s overall
game 4768: 300 pieces, 150 lines, attack 129 (124 ms/piece) — 1771/3000 games, 59.5 positions/s overall
game 4770: 300 pieces, 156 lines, attack 108 (139 ms/piece) — 1772/3000 games, 59.5 positions/s overall
game 4772: 300 pieces, 152 lines, attack 135 (143 ms/piece) — 1773/3000 games, 59.5 positions/s overall
game 4773: 300 pieces, 166 lines, attack 127 (159 ms/piece) — 1774/3000 games, 59.4 positions/s overall
game 4774: 300 pieces, 152 lines, attack 144 (163 ms/piece) — 1775/3000 games, 59.4 positions/s overall
game 4775: 300 pieces, 165 lines, attack 132 (168 ms/piece) — 1776/3000 games, 59.4 positions/s overall
game 4776: 300 pieces, 156 lines, attack 129 (150 ms/piece) — 1777/3000 games, 59.4 positions/s overall
game 4777: 300 pieces, 153 lines, attack 155 (159 ms/piece) — 1778/3000 games, 59.5 positions/s overall
game 4778: 300 pieces, 155 lines, attack 127 (137 ms/piece) — 1779/3000 games, 59.5 positions/s overall
game 4780: 220 pieces, 105 lines, attack 88, died (147 ms/piece) — 1780/3000 games, 59.5 positions/s overall
game 4779: 300 pieces, 153 lines, attack 126 (150 ms/piece) — 1781/3000 games, 59.4 positions/s overall
game 4781: 300 pieces, 137 lines, attack 111 (131 ms/piece) — 1782/3000 games, 59.4 positions/s overall
game 4782: 300 pieces, 153 lines, attack 112 (128 ms/piece) — 1783/3000 games, 59.4 positions/s overall
game 4784: 300 pieces, 151 lines, attack 115 (123 ms/piece) — 1784/3000 games, 59.4 positions/s overall
game 4783: 300 pieces, 152 lines, attack 114 (136 ms/piece) — 1785/3000 games, 59.4 positions/s overall
game 4785: 300 pieces, 154 lines, attack 132 (133 ms/piece) — 1786/3000 games, 59.5 positions/s overall
game 4786: 300 pieces, 143 lines, attack 126 (119 ms/piece) — 1787/3000 games, 59.5 positions/s overall
game 4787: 300 pieces, 153 lines, attack 130 (140 ms/piece) — 1788/3000 games, 59.5 positions/s overall
game 4795: 54 pieces, 24 lines, attack 13, died (114 ms/piece) — 1789/3000 games, 59.4 positions/s overall
game 4788: 300 pieces, 154 lines, attack 141 (134 ms/piece) — 1790/3000 games, 59.5 positions/s overall
game 4792: 159 pieces, 72 lines, attack 52, died (132 ms/piece) — 1791/3000 games, 59.5 positions/s overall
game 4789: 258 pieces, 122 lines, attack 95, died (146 ms/piece) — 1792/3000 games, 59.4 positions/s overall
game 4790: 300 pieces, 156 lines, attack 121 (139 ms/piece) — 1793/3000 games, 59.4 positions/s overall
game 4791: 300 pieces, 151 lines, attack 124 (137 ms/piece) — 1794/3000 games, 59.4 positions/s overall
game 4794: 300 pieces, 155 lines, attack 121 (127 ms/piece) — 1795/3000 games, 59.4 positions/s overall
game 4793: 300 pieces, 151 lines, attack 101 (133 ms/piece) — 1796/3000 games, 59.5 positions/s overall
game 4796: 226 pieces, 102 lines, attack 79, died (122 ms/piece) — 1797/3000 games, 59.5 positions/s overall
game 4797: 300 pieces, 159 lines, attack 112 (124 ms/piece) — 1798/3000 games, 59.4 positions/s overall
game 4798: 300 pieces, 163 lines, attack 130 (141 ms/piece) — 1799/3000 games, 59.4 positions/s overall
game 4799: 300 pieces, 158 lines, attack 139 (146 ms/piece) — 1800/3000 games, 59.4 positions/s overall
game 4800: 300 pieces, 164 lines, attack 123 (129 ms/piece) — 1801/3000 games, 59.4 positions/s overall
game 4802: 300 pieces, 163 lines, attack 138 (115 ms/piece) — 1802/3000 games, 59.4 positions/s overall
game 4801: 300 pieces, 150 lines, attack 111 (135 ms/piece) — 1803/3000 games, 59.5 positions/s overall
game 4803: 300 pieces, 155 lines, attack 119 (138 ms/piece) — 1804/3000 games, 59.5 positions/s overall
game 4804: 300 pieces, 150 lines, attack 114 (141 ms/piece) — 1805/3000 games, 59.5 positions/s overall
game 4805: 300 pieces, 166 lines, attack 120 (141 ms/piece) — 1806/3000 games, 59.4 positions/s overall
game 4806: 300 pieces, 158 lines, attack 134 (141 ms/piece) — 1807/3000 games, 59.4 positions/s overall
game 4808: 245 pieces, 125 lines, attack 116, died (140 ms/piece) — 1808/3000 games, 59.4 positions/s overall
game 4809: 300 pieces, 157 lines, attack 120 (109 ms/piece) — 1809/3000 games, 59.5 positions/s overall
game 4807: 300 pieces, 153 lines, attack 149 (138 ms/piece) — 1810/3000 games, 59.5 positions/s overall
game 4810: 300 pieces, 153 lines, attack 126 (138 ms/piece) — 1811/3000 games, 59.4 positions/s overall
game 4811: 300 pieces, 160 lines, attack 127 (126 ms/piece) — 1812/3000 games, 59.5 positions/s overall
game 4812: 300 pieces, 151 lines, attack 156 (139 ms/piece) — 1813/3000 games, 59.5 positions/s overall
game 4813: 300 pieces, 159 lines, attack 125 (140 ms/piece) — 1814/3000 games, 59.4 positions/s overall
game 4815: 239 pieces, 118 lines, attack 107, died (140 ms/piece) — 1815/3000 games, 59.4 positions/s overall
game 4814: 300 pieces, 159 lines, attack 117 (124 ms/piece) — 1816/3000 games, 59.5 positions/s overall
game 4816: 300 pieces, 162 lines, attack 148 (119 ms/piece) — 1817/3000 games, 59.5 positions/s overall
game 4817: 300 pieces, 157 lines, attack 134 (140 ms/piece) — 1818/3000 games, 59.5 positions/s overall
game 4819: 300 pieces, 155 lines, attack 128 (131 ms/piece) — 1819/3000 games, 59.4 positions/s overall
game 4818: 300 pieces, 144 lines, attack 130 (138 ms/piece) — 1820/3000 games, 59.5 positions/s overall
game 4820: 300 pieces, 149 lines, attack 130 (130 ms/piece) — 1821/3000 games, 59.5 positions/s overall
game 4821: 300 pieces, 157 lines, attack 116 (126 ms/piece) — 1822/3000 games, 59.4 positions/s overall
game 4822: 300 pieces, 155 lines, attack 145 (129 ms/piece) — 1823/3000 games, 59.5 positions/s overall
game 4824: 300 pieces, 159 lines, attack 130 (118 ms/piece) — 1824/3000 games, 59.5 positions/s overall
game 4823: 300 pieces, 164 lines, attack 148 (129 ms/piece) — 1825/3000 games, 59.5 positions/s overall
game 4825: 300 pieces, 162 lines, attack 124 (125 ms/piece) — 1826/3000 games, 59.5 positions/s overall
game 4827: 300 pieces, 142 lines, attack 116 (132 ms/piece) — 1827/3000 games, 59.4 positions/s overall
game 4826: 300 pieces, 148 lines, attack 112 (136 ms/piece) — 1828/3000 games, 59.5 positions/s overall
game 4833: 123 pieces, 53 lines, attack 40, died (127 ms/piece) — 1829/3000 games, 59.4 positions/s overall
game 4828: 300 pieces, 164 lines, attack 154 (130 ms/piece) — 1830/3000 games, 59.5 positions/s overall
game 4829: 270 pieces, 134 lines, attack 111, died (133 ms/piece) — 1831/3000 games, 59.5 positions/s overall
game 4830: 300 pieces, 154 lines, attack 120 (126 ms/piece) — 1832/3000 games, 59.5 positions/s overall
game 4831: 300 pieces, 150 lines, attack 114 (121 ms/piece) — 1833/3000 games, 59.5 positions/s overall
game 4832: 300 pieces, 154 lines, attack 131 (131 ms/piece) — 1834/3000 games, 59.5 positions/s overall
game 4834: 227 pieces, 116 lines, attack 84, died (122 ms/piece) — 1835/3000 games, 59.5 positions/s overall
game 4835: 300 pieces, 156 lines, attack 120 (127 ms/piece) — 1836/3000 games, 59.5 positions/s overall
game 4836: 300 pieces, 150 lines, attack 97 (123 ms/piece) — 1837/3000 games, 59.5 positions/s overall
game 4844: 29 pieces, 4 lines, attack 2, died (101 ms/piece) — 1838/3000 games, 59.4 positions/s overall
game 4837: 300 pieces, 151 lines, attack 131 (133 ms/piece) — 1839/3000 games, 59.5 positions/s overall
game 4838: 300 pieces, 153 lines, attack 161 (130 ms/piece) — 1840/3000 games, 59.5 positions/s overall
game 4840: 300 pieces, 146 lines, attack 118 (122 ms/piece) — 1841/3000 games, 59.5 positions/s overall
game 4839: 300 pieces, 148 lines, attack 107 (129 ms/piece) — 1842/3000 games, 59.5 positions/s overall
game 4841: 300 pieces, 152 lines, attack 154 (139 ms/piece) — 1843/3000 games, 59.5 positions/s overall
game 4849: 87 pieces, 39 lines, attack 34, died (107 ms/piece) — 1844/3000 games, 59.5 positions/s overall
game 4842: 300 pieces, 169 lines, attack 144 (122 ms/piece) — 1845/3000 games, 59.5 positions/s overall
game 4848: 121 pieces, 53 lines, attack 41, died (122 ms/piece) — 1846/3000 games, 59.5 positions/s overall
game 4843: 300 pieces, 144 lines, attack 113 (134 ms/piece) — 1847/3000 games, 59.5 positions/s overall
game 4852: 151 pieces, 78 lines, attack 69, died (120 ms/piece) — 1848/3000 games, 59.5 positions/s overall
game 4846: 300 pieces, 161 lines, attack 127 (123 ms/piece) — 1849/3000 games, 59.5 positions/s overall
game 4845: 300 pieces, 144 lines, attack 116 (128 ms/piece) — 1850/3000 games, 59.5 positions/s overall
game 4847: 300 pieces, 138 lines, attack 140 (135 ms/piece) — 1851/3000 games, 59.5 positions/s overall
game 4851: 300 pieces, 172 lines, attack 133 (120 ms/piece) — 1852/3000 games, 59.5 positions/s overall
game 4855: 147 pieces, 72 lines, attack 63, died (123 ms/piece) — 1853/3000 games, 59.5 positions/s overall
game 4853: 300 pieces, 156 lines, attack 126 (118 ms/piece) — 1854/3000 games, 59.5 positions/s overall
game 4857: 138 pieces, 78 lines, attack 64, died (126 ms/piece) — 1855/3000 games, 59.6 positions/s overall
game 4850: 300 pieces, 143 lines, attack 134 (137 ms/piece) — 1856/3000 games, 59.6 positions/s overall
game 4854: 300 pieces, 147 lines, attack 97 (121 ms/piece) — 1857/3000 games, 59.5 positions/s overall
game 4856: 300 pieces, 152 lines, attack 101 (130 ms/piece) — 1858/3000 games, 59.5 positions/s overall
game 4864: 80 pieces, 45 lines, attack 34, died (125 ms/piece) — 1859/3000 games, 59.5 positions/s overall
game 4858: 300 pieces, 156 lines, attack 122 (137 ms/piece) — 1860/3000 games, 59.5 positions/s overall
game 4861: 300 pieces, 159 lines, attack 121 (107 ms/piece) — 1861/3000 games, 59.5 positions/s overall
game 4859: 300 pieces, 153 lines, attack 139 (133 ms/piece) — 1862/3000 games, 59.5 positions/s overall
game 4862: 300 pieces, 137 lines, attack 95 (127 ms/piece) — 1863/3000 games, 59.5 positions/s overall
game 4863: 300 pieces, 162 lines, attack 125 (129 ms/piece) — 1864/3000 games, 59.6 positions/s overall
game 4860: 300 pieces, 146 lines, attack 111 (136 ms/piece) — 1865/3000 games, 59.6 positions/s overall
game 4866: 300 pieces, 173 lines, attack 150 (121 ms/piece) — 1866/3000 games, 59.5 positions/s overall
game 4871: 163 pieces, 82 lines, attack 67, died (127 ms/piece) — 1867/3000 games, 59.5 positions/s overall
game 4865: 300 pieces, 158 lines, attack 138 (131 ms/piece) — 1868/3000 games, 59.6 positions/s overall
game 4868: 300 pieces, 151 lines, attack 124 (117 ms/piece) — 1869/3000 games, 59.5 positions/s overall
game 4875: 59 pieces, 25 lines, attack 21, died (126 ms/piece) — 1870/3000 games, 59.5 positions/s overall
game 4867: 300 pieces, 157 lines, attack 118 (125 ms/piece) — 1871/3000 games, 59.6 positions/s overall
game 4874: 103 pieces, 40 lines, attack 28, died (133 ms/piece) — 1872/3000 games, 59.5 positions/s overall
game 4870: 300 pieces, 151 lines, attack 129 (133 ms/piece) — 1873/3000 games, 59.5 positions/s overall
game 4869: 300 pieces, 150 lines, attack 139 (137 ms/piece) — 1874/3000 games, 59.6 positions/s overall
game 4872: 300 pieces, 153 lines, attack 132 (136 ms/piece) — 1875/3000 games, 59.6 positions/s overall
game 4879: 151 pieces, 70 lines, attack 48, died (106 ms/piece) — 1876/3000 games, 59.6 positions/s overall
game 4873: 300 pieces, 152 lines, attack 108 (137 ms/piece) — 1877/3000 games, 59.5 positions/s overall
game 4876: 300 pieces, 156 lines, attack 133 (124 ms/piece) — 1878/3000 games, 59.5 positions/s overall
game 4878: 300 pieces, 161 lines, attack 115 (132 ms/piece) — 1879/3000 games, 59.5 positions/s overall
game 4877: 300 pieces, 141 lines, attack 121 (138 ms/piece) — 1880/3000 games, 59.6 positions/s overall
game 4880: 283 pieces, 154 lines, attack 103, died (125 ms/piece) — 1881/3000 games, 59.6 positions/s overall
game 4886: 82 pieces, 34 lines, attack 24, died (119 ms/piece) — 1882/3000 games, 59.5 positions/s overall
game 4882: 300 pieces, 151 lines, attack 106 (128 ms/piece) — 1883/3000 games, 59.6 positions/s overall
game 4881: 300 pieces, 154 lines, attack 139 (135 ms/piece) — 1884/3000 games, 59.6 positions/s overall
game 4884: 146 pieces, 66 lines, attack 65, died (129 ms/piece) — 1885/3000 games, 59.6 positions/s overall
game 4883: 300 pieces, 152 lines, attack 140 (138 ms/piece) — 1886/3000 games, 59.6 positions/s overall
game 4885: 300 pieces, 153 lines, attack 136 (120 ms/piece) — 1887/3000 games, 59.5 positions/s overall
game 4887: 300 pieces, 157 lines, attack 136 (126 ms/piece) — 1888/3000 games, 59.5 positions/s overall
game 4894: 71 pieces, 29 lines, attack 23, died (120 ms/piece) — 1889/3000 games, 59.5 positions/s overall
game 4888: 300 pieces, 150 lines, attack 124 (139 ms/piece) — 1890/3000 games, 59.5 positions/s overall
game 4889: 300 pieces, 157 lines, attack 140 (125 ms/piece) — 1891/3000 games, 59.5 positions/s overall
game 4892: 300 pieces, 158 lines, attack 117 (123 ms/piece) — 1892/3000 games, 59.6 positions/s overall
game 4891: 300 pieces, 136 lines, attack 118 (127 ms/piece) — 1893/3000 games, 59.6 positions/s overall
game 4890: 300 pieces, 149 lines, attack 119 (138 ms/piece) — 1894/3000 games, 59.6 positions/s overall
game 4893: 300 pieces, 165 lines, attack 132 (126 ms/piece) — 1895/3000 games, 59.6 positions/s overall
game 4896: 300 pieces, 159 lines, attack 141 (117 ms/piece) — 1896/3000 games, 59.5 positions/s overall
game 4895: 300 pieces, 157 lines, attack 133 (140 ms/piece) — 1897/3000 games, 59.5 positions/s overall
game 4898: 300 pieces, 164 lines, attack 134 (127 ms/piece) — 1898/3000 games, 59.5 positions/s overall
game 4899: 300 pieces, 147 lines, attack 139 (131 ms/piece) — 1899/3000 games, 59.6 positions/s overall
game 4897: 300 pieces, 146 lines, attack 112 (137 ms/piece) — 1900/3000 games, 59.6 positions/s overall
game 4900: 300 pieces, 159 lines, attack 125 (135 ms/piece) — 1901/3000 games, 59.6 positions/s overall
game 4901: 300 pieces, 160 lines, attack 133 (125 ms/piece) — 1902/3000 games, 59.6 positions/s overall
game 4902: 300 pieces, 157 lines, attack 144 (134 ms/piece) — 1903/3000 games, 59.6 positions/s overall
game 4909: 151 pieces, 75 lines, attack 65, died (132 ms/piece) — 1904/3000 games, 59.6 positions/s overall
game 4903: 300 pieces, 153 lines, attack 124 (118 ms/piece) — 1905/3000 games, 59.6 positions/s overall
game 4904: 300 pieces, 168 lines, attack 158 (139 ms/piece) — 1906/3000 games, 59.5 positions/s overall
game 4906: 300 pieces, 157 lines, attack 142 (127 ms/piece) — 1907/3000 games, 59.5 positions/s overall
game 4907: 300 pieces, 154 lines, attack 137 (136 ms/piece) — 1908/3000 games, 59.6 positions/s overall
game 4905: 300 pieces, 144 lines, attack 134 (147 ms/piece) — 1909/3000 games, 59.6 positions/s overall
game 4908: 300 pieces, 157 lines, attack 122 (138 ms/piece) — 1910/3000 games, 59.6 positions/s overall
game 4913: 128 pieces, 57 lines, attack 55, died (129 ms/piece) — 1911/3000 games, 59.6 positions/s overall
game 4910: 300 pieces, 148 lines, attack 148 (134 ms/piece) — 1912/3000 games, 59.6 positions/s overall
game 4912: 300 pieces, 140 lines, attack 127 (120 ms/piece) — 1913/3000 games, 59.6 positions/s overall
game 4911: 300 pieces, 156 lines, attack 127 (133 ms/piece) — 1914/3000 games, 59.6 positions/s overall
game 4920: 31 pieces, 9 lines, attack 5, died (112 ms/piece) — 1915/3000 games, 59.6 positions/s overall
game 4918: 148 pieces, 61 lines, attack 46, died (125 ms/piece) — 1916/3000 games, 59.6 positions/s overall
game 4914: 300 pieces, 162 lines, attack 136 (135 ms/piece) — 1917/3000 games, 59.5 positions/s overall
game 4916: 300 pieces, 161 lines, attack 122 (129 ms/piece) — 1918/3000 games, 59.6 positions/s overall
game 4917: 300 pieces, 153 lines, attack 138 (135 ms/piece) — 1919/3000 games, 59.6 positions/s overall
game 4915: 300 pieces, 134 lines, attack 119 (143 ms/piece) — 1920/3000 games, 59.6 positions/s overall
game 4919: 300 pieces, 150 lines, attack 109 (130 ms/piece) — 1921/3000 games, 59.6 positions/s overall
game 4922: 300 pieces, 169 lines, attack 128 (111 ms/piece) — 1922/3000 games, 59.6 positions/s overall
game 4921: 300 pieces, 153 lines, attack 120 (139 ms/piece) — 1923/3000 games, 59.6 positions/s overall
game 4926: 179 pieces, 88 lines, attack 65, died (145 ms/piece) — 1924/3000 games, 59.6 positions/s overall
game 4923: 300 pieces, 158 lines, attack 151 (151 ms/piece) — 1925/3000 games, 59.6 positions/s overall
game 4925: 264 pieces, 147 lines, attack 123, died (132 ms/piece) — 1926/3000 games, 59.6 positions/s overall
game 4924: 300 pieces, 169 lines, attack 102 (143 ms/piece) — 1927/3000 games, 59.6 positions/s overall
game 4927: 300 pieces, 165 lines, attack 133 (135 ms/piece) — 1928/3000 games, 59.6 positions/s overall
game 4930: 179 pieces, 88 lines, attack 62, died (122 ms/piece) — 1929/3000 games, 59.6 positions/s overall
game 4928: 300 pieces, 153 lines, attack 129 (139 ms/piece) — 1930/3000 games, 59.6 positions/s overall
game 4929: 300 pieces, 154 lines, attack 132 (133 ms/piece) — 1931/3000 games, 59.6 positions/s overall
game 4932: 267 pieces, 128 lines, attack 112, died (136 ms/piece) — 1932/3000 games, 59.5 positions/s overall
game 4931: 300 pieces, 147 lines, attack 143 (139 ms/piece) — 1933/3000 games, 59.6 positions/s overall
game 4933: 300 pieces, 146 lines, attack 127 (141 ms/piece) — 1934/3000 games, 59.6 positions/s overall
game 4934: 300 pieces, 158 lines, attack 133 (137 ms/piece) — 1935/3000 games, 59.6 positions/s overall
game 4935: 300 pieces, 155 lines, attack 132 (129 ms/piece) — 1936/3000 games, 59.6 positions/s overall
game 4936: 300 pieces, 149 lines, attack 143 (140 ms/piece) — 1937/3000 games, 59.6 positions/s overall
game 4937: 273 pieces, 146 lines, attack 109, died (127 ms/piece) — 1938/3000 games, 59.6 positions/s overall
game 4938: 300 pieces, 164 lines, attack 104 (113 ms/piece) — 1939/3000 games, 59.6 positions/s overall
game 4945: 164 pieces, 77 lines, attack 47, died (120 ms/piece) — 1940/3000 games, 59.5 positions/s overall
game 4940: 300 pieces, 149 lines, attack 104 (138 ms/piece) — 1941/3000 games, 59.5 positions/s overall
game 4939: 300 pieces, 157 lines, attack 145 (141 ms/piece) — 1942/3000 games, 59.6 positions/s overall
game 4941: 300 pieces, 141 lines, attack 126 (141 ms/piece) — 1943/3000 games, 59.6 positions/s overall
game 4942: 300 pieces, 161 lines, attack 137 (134 ms/piece) — 1944/3000 games, 59.6 positions/s overall
game 4944: 300 pieces, 151 lines, attack 125 (131 ms/piece) — 1945/3000 games, 59.6 positions/s overall
game 4946: 300 pieces, 146 lines, attack 120 (122 ms/piece) — 1946/3000 games, 59.6 positions/s overall
game 4943: 300 pieces, 141 lines, attack 105 (148 ms/piece) — 1947/3000 games, 59.6 positions/s overall
game 4951: 113 pieces, 43 lines, attack 22, died (125 ms/piece) — 1948/3000 games, 59.6 positions/s overall
game 4947: 300 pieces, 154 lines, attack 113 (131 ms/piece) — 1949/3000 games, 59.6 positions/s overall
game 4948: 300 pieces, 153 lines, attack 125 (138 ms/piece) — 1950/3000 games, 59.5 positions/s overall
game 4949: 300 pieces, 152 lines, attack 117 (144 ms/piece) — 1951/3000 games, 59.6 positions/s overall
game 4950: 300 pieces, 161 lines, attack 126 (130 ms/piece) — 1952/3000 games, 59.6 positions/s overall
game 4957: 77 pieces, 30 lines, attack 19, died (123 ms/piece) — 1953/3000 games, 59.6 positions/s overall
game 4953: 300 pieces, 161 lines, attack 144 (123 ms/piece) — 1954/3000 games, 59.6 positions/s overall
game 4952: 300 pieces, 144 lines, attack 112 (142 ms/piece) — 1955/3000 games, 59.6 positions/s overall
game 4954: 300 pieces, 158 lines, attack 122 (144 ms/piece) — 1956/3000 games, 59.6 positions/s overall
game 4959: 147 pieces, 64 lines, attack 43, died (134 ms/piece) — 1957/3000 games, 59.6 positions/s overall
game 4955: 300 pieces, 133 lines, attack 125 (157 ms/piece) — 1958/3000 games, 59.6 positions/s overall
game 4965: 25 pieces, 8 lines, attack 6, died (127 ms/piece) — 1959/3000 games, 59.6 positions/s overall
game 4956: 300 pieces, 152 lines, attack 128 (158 ms/piece) — 1960/3000 games, 59.5 positions/s overall
game 4966: 94 pieces, 32 lines, attack 22, died (157 ms/piece) — 1961/3000 games, 59.5 positions/s overall
game 4958: 300 pieces, 152 lines, attack 131 (155 ms/piece) — 1962/3000 games, 59.5 positions/s overall
game 4961: 300 pieces, 147 lines, attack 128 (140 ms/piece) — 1963/3000 games, 59.5 positions/s overall
game 4960: 300 pieces, 151 lines, attack 118 (153 ms/piece) — 1964/3000 games, 59.6 positions/s overall
game 4962: 300 pieces, 154 lines, attack 109 (151 ms/piece) — 1965/3000 games, 59.6 positions/s overall
game 4963: 300 pieces, 153 lines, attack 133 (148 ms/piece) — 1966/3000 games, 59.6 positions/s overall
game 4964: 300 pieces, 163 lines, attack 135 (150 ms/piece) — 1967/3000 games, 59.6 positions/s overall
game 4967: 300 pieces, 163 lines, attack 120 (130 ms/piece) — 1968/3000 games, 59.5 positions/s overall
game 4968: 291 pieces, 125 lines, attack 94, died (132 ms/piece) — 1969/3000 games, 59.5 positions/s overall
game 4970: 300 pieces, 163 lines, attack 144 (119 ms/piece) — 1970/3000 games, 59.5 positions/s overall
game 4969: 300 pieces, 159 lines, attack 110 (133 ms/piece) — 1971/3000 games, 59.6 positions/s overall
game 4971: 300 pieces, 148 lines, attack 121 (129 ms/piece) — 1972/3000 games, 59.6 positions/s overall
game 4972: 300 pieces, 145 lines, attack 126 (138 ms/piece) — 1973/3000 games, 59.5 positions/s overall
game 4973: 300 pieces, 146 lines, attack 115 (140 ms/piece) — 1974/3000 games, 59.6 positions/s overall
game 4975: 193 pieces, 97 lines, attack 101, died (137 ms/piece) — 1975/3000 games, 59.6 positions/s overall
game 4974: 300 pieces, 160 lines, attack 135 (130 ms/piece) — 1976/3000 games, 59.6 positions/s overall
game 4977: 300 pieces, 144 lines, attack 117 (116 ms/piece) — 1977/3000 games, 59.5 positions/s overall
game 4976: 300 pieces, 160 lines, attack 148 (132 ms/piece) — 1978/3000 games, 59.5 positions/s overall
game 4978: 300 pieces, 182 lines, attack 143 (132 ms/piece) — 1979/3000 games, 59.6 positions/s overall
game 4979: 300 pieces, 145 lines, attack 127 (145 ms/piece) — 1980/3000 games, 59.5 positions/s overall
game 4981: 300 pieces, 160 lines, attack 116 (118 ms/piece) — 1981/3000 games, 59.6 positions/s overall
game 4982: 250 pieces, 121 lines, attack 95, died (129 ms/piece) — 1982/3000 games, 59.6 positions/s overall
game 4980: 300 pieces, 148 lines, attack 128 (135 ms/piece) — 1983/3000 games, 59.6 positions/s overall
game 4983: 300 pieces, 152 lines, attack 116 (124 ms/piece) — 1984/3000 games, 59.6 positions/s overall
game 4984: 300 pieces, 150 lines, attack 112 (118 ms/piece) — 1985/3000 games, 59.6 positions/s overall
game 4985: 300 pieces, 147 lines, attack 124 (137 ms/piece) — 1986/3000 games, 59.5 positions/s overall
game 4986: 300 pieces, 153 lines, attack 108 (135 ms/piece) — 1987/3000 games, 59.6 positions/s overall
game 4989: 261 pieces, 141 lines, attack 143, died (126 ms/piece) — 1988/3000 games, 59.6 positions/s overall
game 4988: 300 pieces, 156 lines, attack 119 (131 ms/piece) — 1989/3000 games, 59.5 positions/s overall
game 4987: 300 pieces, 138 lines, attack 110 (138 ms/piece) — 1990/3000 games, 59.6 positions/s overall
game 4990: 300 pieces, 169 lines, attack 144 (131 ms/piece) — 1991/3000 games, 59.6 positions/s overall
game 4991: 300 pieces, 162 lines, attack 147 (140 ms/piece) — 1992/3000 games, 59.6 positions/s overall
game 4995: 173 pieces, 77 lines, attack 54, died (112 ms/piece) — 1993/3000 games, 59.6 positions/s overall
game 4992: 300 pieces, 152 lines, attack 122 (118 ms/piece) — 1994/3000 games, 59.6 positions/s overall
game 4993: 300 pieces, 152 lines, attack 129 (124 ms/piece) — 1995/3000 games, 59.6 positions/s overall
game 4994: 300 pieces, 172 lines, attack 144 (124 ms/piece) — 1996/3000 games, 59.6 positions/s overall
game 4997: 240 pieces, 114 lines, attack 79, died (126 ms/piece) — 1997/3000 games, 59.6 positions/s overall
game 4996: 300 pieces, 163 lines, attack 131 (130 ms/piece) — 1998/3000 games, 59.6 positions/s overall
game 4998: 300 pieces, 149 lines, attack 129 (134 ms/piece) — 1999/3000 games, 59.6 positions/s overall
game 5001: 300 pieces, 156 lines, attack 105 (106 ms/piece) — 2000/3000 games, 59.6 positions/s overall
game 5000: 300 pieces, 142 lines, attack 97 (127 ms/piece) — 2001/3000 games, 59.6 positions/s overall
game 4999: 300 pieces, 155 lines, attack 127 (143 ms/piece) — 2002/3000 games, 59.6 positions/s overall
game 5004: 223 pieces, 122 lines, attack 113, died (119 ms/piece) — 2003/3000 games, 59.6 positions/s overall
game 5002: 300 pieces, 146 lines, attack 105 (132 ms/piece) — 2004/3000 games, 59.6 positions/s overall
game 5003: 300 pieces, 157 lines, attack 135 (135 ms/piece) — 2005/3000 games, 59.6 positions/s overall
game 5011: 45 pieces, 11 lines, attack 7, died (121 ms/piece) — 2006/3000 games, 59.6 positions/s overall
game 5005: 300 pieces, 161 lines, attack 154 (122 ms/piece) — 2007/3000 games, 59.6 positions/s overall
game 5007: 300 pieces, 164 lines, attack 134 (115 ms/piece) — 2008/3000 games, 59.6 positions/s overall
game 5006: 300 pieces, 146 lines, attack 112 (129 ms/piece) — 2009/3000 games, 59.6 positions/s overall
game 5008: 300 pieces, 175 lines, attack 137 (121 ms/piece) — 2010/3000 games, 59.6 positions/s overall
game 5012: 152 pieces, 70 lines, attack 58, died (133 ms/piece) — 2011/3000 games, 59.6 positions/s overall
game 5009: 300 pieces, 136 lines, attack 95 (132 ms/piece) — 2012/3000 games, 59.6 positions/s overall
game 5010: 300 pieces, 167 lines, attack 130 (131 ms/piece) — 2013/3000 games, 59.6 positions/s overall
game 5013: 300 pieces, 142 lines, attack 144 (135 ms/piece) — 2014/3000 games, 59.6 positions/s overall
game 5014: 300 pieces, 168 lines, attack 120 (121 ms/piece) — 2015/3000 games, 59.6 positions/s overall
game 5015: 300 pieces, 170 lines, attack 136 (123 ms/piece) — 2016/3000 games, 59.6 positions/s overall
game 5016: 300 pieces, 157 lines, attack 142 (137 ms/piece) — 2017/3000 games, 59.6 positions/s overall
game 5017: 300 pieces, 151 lines, attack 125 (135 ms/piece) — 2018/3000 games, 59.6 positions/s overall
game 5018: 300 pieces, 143 lines, attack 135 (138 ms/piece) — 2019/3000 games, 59.6 positions/s overall
game 5019: 300 pieces, 140 lines, attack 122 (134 ms/piece) — 2020/3000 games, 59.6 positions/s overall
game 5020: 300 pieces, 153 lines, attack 131 (131 ms/piece) — 2021/3000 games, 59.6 positions/s overall
game 5021: 300 pieces, 145 lines, attack 129 (130 ms/piece) — 2022/3000 games, 59.6 positions/s overall
game 5023: 300 pieces, 164 lines, attack 134 (113 ms/piece) — 2023/3000 games, 59.6 positions/s overall
game 5022: 300 pieces, 145 lines, attack 128 (135 ms/piece) — 2024/3000 games, 59.6 positions/s overall
game 5029: 85 pieces, 41 lines, attack 27, died (112 ms/piece) — 2025/3000 games, 59.6 positions/s overall
game 5024: 300 pieces, 148 lines, attack 115 (126 ms/piece) — 2026/3000 games, 59.6 positions/s overall
game 5026: 300 pieces, 154 lines, attack 129 (126 ms/piece) — 2027/3000 games, 59.6 positions/s overall
game 5025: 300 pieces, 148 lines, attack 125 (133 ms/piece) — 2028/3000 games, 59.6 positions/s overall
game 5027: 300 pieces, 157 lines, attack 111 (130 ms/piece) — 2029/3000 games, 59.6 positions/s overall
game 5028: 300 pieces, 144 lines, attack 118 (135 ms/piece) — 2030/3000 games, 59.6 positions/s overall
game 5030: 300 pieces, 154 lines, attack 118 (115 ms/piece) — 2031/3000 games, 59.6 positions/s overall
game 5031: 300 pieces, 157 lines, attack 97 (131 ms/piece) — 2032/3000 games, 59.6 positions/s overall
game 5032: 257 pieces, 124 lines, attack 82, died (125 ms/piece) — 2033/3000 games, 59.6 positions/s overall
game 5033: 300 pieces, 163 lines, attack 124 (133 ms/piece) — 2034/3000 games, 59.6 positions/s overall
game 5034: 300 pieces, 152 lines, attack 120 (132 ms/piece) — 2035/3000 games, 59.6 positions/s overall
game 5035: 300 pieces, 146 lines, attack 117 (132 ms/piece) — 2036/3000 games, 59.6 positions/s overall
game 5036: 300 pieces, 147 lines, attack 120 (129 ms/piece) — 2037/3000 games, 59.6 positions/s overall
game 5037: 300 pieces, 153 lines, attack 109 (137 ms/piece) — 2038/3000 games, 59.6 positions/s overall
game 5038: 300 pieces, 150 lines, attack 116 (113 ms/piece) — 2039/3000 games, 59.7 positions/s overall
game 5039: 300 pieces, 149 lines, attack 117 (138 ms/piece) — 2040/3000 games, 59.6 positions/s overall
game 5040: 300 pieces, 164 lines, attack 135 (151 ms/piece) — 2041/3000 games, 59.6 positions/s overall
game 5041: 300 pieces, 157 lines, attack 125 (150 ms/piece) — 2042/3000 games, 59.6 positions/s overall
game 5042: 300 pieces, 159 lines, attack 101 (137 ms/piece) — 2043/3000 games, 59.6 positions/s overall
game 5043: 300 pieces, 155 lines, attack 120 (141 ms/piece) — 2044/3000 games, 59.6 positions/s overall
game 5044: 300 pieces, 152 lines, attack 118 (152 ms/piece) — 2045/3000 games, 59.6 positions/s overall
game 5046: 300 pieces, 153 lines, attack 121 (137 ms/piece) — 2046/3000 games, 59.6 positions/s overall
game 5045: 300 pieces, 156 lines, attack 114 (148 ms/piece) — 2047/3000 games, 59.6 positions/s overall
game 5047: 300 pieces, 153 lines, attack 114 (135 ms/piece) — 2048/3000 games, 59.6 positions/s overall
game 5048: 300 pieces, 157 lines, attack 127 (137 ms/piece) — 2049/3000 games, 59.6 positions/s overall
game 5049: 300 pieces, 158 lines, attack 139 (138 ms/piece) — 2050/3000 games, 59.6 positions/s overall
game 5050: 300 pieces, 147 lines, attack 135 (132 ms/piece) — 2051/3000 games, 59.6 positions/s overall
game 5051: 300 pieces, 148 lines, attack 105 (128 ms/piece) — 2052/3000 games, 59.6 positions/s overall
game 5057: 47 pieces, 16 lines, attack 6, died (99 ms/piece) — 2053/3000 games, 59.6 positions/s overall
game 5053: 300 pieces, 157 lines, attack 124 (112 ms/piece) — 2054/3000 games, 59.6 positions/s overall
game 5052: 300 pieces, 161 lines, attack 129 (132 ms/piece) — 2055/3000 games, 59.7 positions/s overall
game 5055: 207 pieces, 97 lines, attack 71, died (147 ms/piece) — 2056/3000 games, 59.6 positions/s overall
game 5054: 300 pieces, 152 lines, attack 129 (142 ms/piece) — 2057/3000 games, 59.7 positions/s overall
game 5056: 300 pieces, 165 lines, attack 150 (133 ms/piece) — 2058/3000 games, 59.6 positions/s overall
game 5059: 244 pieces, 118 lines, attack 100, died (129 ms/piece) — 2059/3000 games, 59.6 positions/s overall
game 5058: 300 pieces, 164 lines, attack 140 (137 ms/piece) — 2060/3000 games, 59.6 positions/s overall
game 5061: 300 pieces, 153 lines, attack 118 (118 ms/piece) — 2061/3000 games, 59.6 positions/s overall
game 5060: 300 pieces, 170 lines, attack 145 (133 ms/piece) — 2062/3000 games, 59.6 positions/s overall
game 5062: 300 pieces, 163 lines, attack 121 (124 ms/piece) — 2063/3000 games, 59.7 positions/s overall
game 5069: 59 pieces, 25 lines, attack 27, died (111 ms/piece) — 2064/3000 games, 59.6 positions/s overall
game 5066: 166 pieces, 86 lines, attack 65, died (130 ms/piece) — 2065/3000 games, 59.6 positions/s overall
game 5063: 300 pieces, 157 lines, attack 149 (135 ms/piece) — 2066/3000 games, 59.6 positions/s overall
game 5064: 300 pieces, 171 lines, attack 120 (136 ms/piece) — 2067/3000 games, 59.7 positions/s overall
game 5065: 300 pieces, 166 lines, attack 126 (139 ms/piece) — 2068/3000 games, 59.6 positions/s overall
game 5068: 300 pieces, 163 lines, attack 124 (120 ms/piece) — 2069/3000 games, 59.6 positions/s overall
game 5067: 300 pieces, 157 lines, attack 122 (134 ms/piece) — 2070/3000 games, 59.6 positions/s overall
game 5071: 277 pieces, 133 lines, attack 100, died (127 ms/piece) — 2071/3000 games, 59.6 positions/s overall
game 5070: 300 pieces, 152 lines, attack 112 (137 ms/piece) — 2072/3000 games, 59.6 positions/s overall
game 5073: 262 pieces, 126 lines, attack 109, died (133 ms/piece) — 2073/3000 games, 59.6 positions/s overall
game 5075: 187 pieces, 92 lines, attack 64, died (127 ms/piece) — 2074/3000 games, 59.6 positions/s overall
game 5072: 300 pieces, 159 lines, attack 146 (144 ms/piece) — 2075/3000 games, 59.7 positions/s overall
game 5074: 300 pieces, 153 lines, attack 122 (135 ms/piece) — 2076/3000 games, 59.7 positions/s overall
game 5082: 27 pieces, 2 lines, attack 0, died (92 ms/piece) — 2077/3000 games, 59.7 positions/s overall
game 5076: 300 pieces, 156 lines, attack 133 (114 ms/piece) — 2078/3000 games, 59.6 positions/s overall
game 5078: 300 pieces, 169 lines, attack 137 (127 ms/piece) — 2079/3000 games, 59.6 positions/s overall
game 5077: 300 pieces, 146 lines, attack 146 (145 ms/piece) — 2080/3000 games, 59.6 positions/s overall
game 5079: 300 pieces, 157 lines, attack 117 (133 ms/piece) — 2081/3000 games, 59.6 positions/s overall
game 5080: 300 pieces, 151 lines, attack 90 (122 ms/piece) — 2082/3000 games, 59.7 positions/s overall
game 5081: 300 pieces, 147 lines, attack 138 (137 ms/piece) — 2083/3000 games, 59.6 positions/s overall
game 5083: 300 pieces, 157 lines, attack 127 (129 ms/piece) — 2084/3000 games, 59.7 positions/s overall
game 5084: 300 pieces, 152 lines, attack 132 (140 ms/piece) — 2085/3000 games, 59.7 positions/s overall
game 5085: 300 pieces, 147 lines, attack 131 (117 ms/piece) — 2086/3000 games, 59.7 positions/s overall
game 5088: 300 pieces, 167 lines, attack 124 (119 ms/piece) — 2087/3000 games, 59.6 positions/s overall
game 5086: 300 pieces, 159 lines, attack 123 (132 ms/piece) — 2088/3000 games, 59.6 positions/s overall
game 5087: 300 pieces, 157 lines, attack 132 (139 ms/piece) — 2089/3000 games, 59.6 positions/s overall
game 5089: 300 pieces, 154 lines, attack 153 (131 ms/piece) — 2090/3000 games, 59.7 positions/s overall
game 5095: 91 pieces, 38 lines, attack 38, died (151 ms/piece) — 2091/3000 games, 59.6 positions/s overall
game 5090: 300 pieces, 167 lines, attack 145 (135 ms/piece) — 2092/3000 games, 59.6 positions/s overall
game 5091: 300 pieces, 144 lines, attack 115 (137 ms/piece) — 2093/3000 games, 59.7 positions/s overall
game 5092: 300 pieces, 149 lines, attack 127 (136 ms/piece) — 2094/3000 games, 59.7 positions/s overall
game 5093: 300 pieces, 164 lines, attack 139 (121 ms/piece) — 2095/3000 games, 59.7 positions/s overall
game 5098: 70 pieces, 27 lines, attack 24, died (127 ms/piece) — 2096/3000 games, 59.7 positions/s overall
game 5101: 38 pieces, 14 lines, attack 11, died (122 ms/piece) — 2097/3000 games, 59.7 positions/s overall
game 5099: 130 pieces, 68 lines, attack 58, died (131 ms/piece) — 2098/3000 games, 59.6 positions/s overall
game 5094: 300 pieces, 160 lines, attack 111 (136 ms/piece) — 2099/3000 games, 59.6 positions/s overall
game 5096: 300 pieces, 147 lines, attack 123 (143 ms/piece) — 2100/3000 games, 59.6 positions/s overall
game 5097: 300 pieces, 162 lines, attack 138 (144 ms/piece) — 2101/3000 games, 59.6 positions/s overall
game 5102: 300 pieces, 166 lines, attack 116 (110 ms/piece) — 2102/3000 games, 59.6 positions/s overall
game 5100: 300 pieces, 138 lines, attack 104 (137 ms/piece) — 2103/3000 games, 59.7 positions/s overall
game 5104: 300 pieces, 141 lines, attack 117 (134 ms/piece) — 2104/3000 games, 59.6 positions/s overall
game 5103: 300 pieces, 147 lines, attack 113 (139 ms/piece) — 2105/3000 games, 59.7 positions/s overall
game 5105: 300 pieces, 164 lines, attack 159 (132 ms/piece) — 2106/3000 games, 59.7 positions/s overall
game 5110: 139 pieces, 62 lines, attack 37, died (133 ms/piece) — 2107/3000 games, 59.6 positions/s overall
game 5106: 300 pieces, 152 lines, attack 110 (136 ms/piece) — 2108/3000 games, 59.6 positions/s overall
game 5107: 300 pieces, 177 lines, attack 136 (124 ms/piece) — 2109/3000 games, 59.7 positions/s overall
game 5108: 300 pieces, 146 lines, attack 94 (126 ms/piece) — 2110/3000 games, 59.7 positions/s overall
game 5109: 300 pieces, 150 lines, attack 108 (129 ms/piece) — 2111/3000 games, 59.7 positions/s overall
game 5111: 300 pieces, 164 lines, attack 116 (129 ms/piece) — 2112/3000 games, 59.6 positions/s overall
game 5112: 300 pieces, 155 lines, attack 128 (134 ms/piece) — 2113/3000 games, 59.6 positions/s overall
game 5113: 300 pieces, 152 lines, attack 117 (128 ms/piece) — 2114/3000 games, 59.6 positions/s overall
game 5114: 300 pieces, 134 lines, attack 128 (136 ms/piece) — 2115/3000 games, 59.6 positions/s overall
game 5116: 300 pieces, 173 lines, attack 118 (121 ms/piece) — 2116/3000 games, 59.6 positions/s overall
game 5115: 300 pieces, 146 lines, attack 98 (129 ms/piece) — 2117/3000 games, 59.7 positions/s overall
game 5118: 300 pieces, 145 lines, attack 113 (111 ms/piece) — 2118/3000 games, 59.7 positions/s overall
game 5117: 300 pieces, 149 lines, attack 113 (142 ms/piece) — 2119/3000 games, 59.7 positions/s overall
game 5124: 92 pieces, 45 lines, attack 27, died (108 ms/piece) — 2120/3000 games, 59.7 positions/s overall
game 5127: 70 pieces, 30 lines, attack 22, died (135 ms/piece) — 2121/3000 games, 59.6 positions/s overall
game 5119: 300 pieces, 168 lines, attack 134 (135 ms/piece) — 2122/3000 games, 59.6 positions/s overall
game 5120: 300 pieces, 149 lines, attack 134 (136 ms/piece) — 2123/3000 games, 59.7 positions/s overall
game 5128: 77 pieces, 36 lines, attack 18, died (101 ms/piece) — 2124/3000 games, 59.7 positions/s overall
game 5121: 300 pieces, 140 lines, attack 123 (136 ms/piece) — 2125/3000 games, 59.7 positions/s overall
game 5122: 272 pieces, 135 lines, attack 106, died (129 ms/piece) — 2126/3000 games, 59.7 positions/s overall
game 5131: 88 pieces, 31 lines, attack 25, died (137 ms/piece) — 2127/3000 games, 59.7 positions/s overall
game 5134: 17 pieces, 1 lines, attack 0, died (97 ms/piece) — 2128/3000 games, 59.6 positions/s overall
game 5123: 300 pieces, 144 lines, attack 128 (140 ms/piece) — 2129/3000 games, 59.7 positions/s overall
game 5125: 300 pieces, 162 lines, attack 138 (124 ms/piece) — 2130/3000 games, 59.7 positions/s overall
game 5126: 300 pieces, 144 lines, attack 137 (139 ms/piece) — 2131/3000 games, 59.7 positions/s overall
game 5129: 222 pieces, 108 lines, attack 101, died (136 ms/piece) — 2132/3000 games, 59.7 positions/s overall
game 5138: 92 pieces, 45 lines, attack 32, died (109 ms/piece) — 2133/3000 games, 59.7 positions/s overall
game 5130: 300 pieces, 177 lines, attack 149 (126 ms/piece) — 2134/3000 games, 59.7 positions/s overall
game 5133: 300 pieces, 149 lines, attack 134 (137 ms/piece) — 2135/3000 games, 59.6 positions/s overall
game 5132: 300 pieces, 148 lines, attack 141 (143 ms/piece) — 2136/3000 games, 59.7 positions/s overall
game 5143: 14 pieces, 2 lines, attack 0, died (81 ms/piece) — 2137/3000 games, 59.7 positions/s overall
game 5137: 300 pieces, 157 lines, attack 141 (118 ms/piece) — 2138/3000 games, 59.7 positions/s overall
game 5135: 300 pieces, 158 lines, attack 135 (128 ms/piece) — 2139/3000 games, 59.7 positions/s overall
game 5136: 300 pieces, 160 lines, attack 133 (129 ms/piece) — 2140/3000 games, 59.7 positions/s overall
game 5139: 300 pieces, 155 lines, attack 114 (132 ms/piece) — 2141/3000 games, 59.7 positions/s overall
game 5140: 300 pieces, 145 lines, attack 123 (131 ms/piece) — 2142/3000 games, 59.7 positions/s overall
game 5141: 300 pieces, 164 lines, attack 128 (123 ms/piece) — 2143/3000 games, 59.7 positions/s overall
game 5142: 300 pieces, 158 lines, attack 126 (135 ms/piece) — 2144/3000 games, 59.6 positions/s overall
game 5144: 300 pieces, 166 lines, attack 152 (138 ms/piece) — 2145/3000 games, 59.6 positions/s overall
game 5145: 300 pieces, 150 lines, attack 120 (125 ms/piece) — 2146/3000 games, 59.7 positions/s overall
game 5146: 300 pieces, 156 lines, attack 128 (128 ms/piece) — 2147/3000 games, 59.7 positions/s overall
game 5152: 25 pieces, 2 lines, attack 0, died (116 ms/piece) — 2148/3000 games, 59.7 positions/s overall
game 5147: 300 pieces, 160 lines, attack 151 (132 ms/piece) — 2149/3000 games, 59.7 positions/s overall
game 5148: 300 pieces, 155 lines, attack 146 (134 ms/piece) — 2150/3000 games, 59.7 positions/s overall
game 5156: 146 pieces, 69 lines, attack 59, died (133 ms/piece) — 2151/3000 games, 59.6 positions/s overall
game 5149: 300 pieces, 146 lines, attack 147 (140 ms/piece) — 2152/3000 games, 59.7 positions/s overall
game 5158: 27 pieces, 3 lines, attack 1, died (104 ms/piece) — 2153/3000 games, 59.7 positions/s overall
game 5150: 300 pieces, 155 lines, attack 131 (146 ms/piece) — 2154/3000 games, 59.7 positions/s overall
game 5151: 300 pieces, 146 lines, attack 117 (140 ms/piece) — 2155/3000 games, 59.6 positions/s overall
game 5153: 300 pieces, 150 lines, attack 132 (131 ms/piece) — 2156/3000 games, 59.7 positions/s overall
game 5163: 47 pieces, 8 lines, attack 3, died (108 ms/piece) — 2157/3000 games, 59.6 positions/s overall
game 5155: 300 pieces, 152 lines, attack 124 (151 ms/piece) — 2158/3000 games, 59.7 positions/s overall
game 5154: 300 pieces, 153 lines, attack 137 (155 ms/piece) — 2159/3000 games, 59.7 positions/s overall
game 5157: 300 pieces, 150 lines, attack 142 (171 ms/piece) — 2160/3000 games, 59.6 positions/s overall
game 5159: 300 pieces, 141 lines, attack 113 (165 ms/piece) — 2161/3000 games, 59.6 positions/s overall
game 5160: 300 pieces, 151 lines, attack 142 (172 ms/piece) — 2162/3000 games, 59.6 positions/s overall
game 5161: 300 pieces, 143 lines, attack 103 (174 ms/piece) — 2163/3000 games, 59.6 positions/s overall
game 5162: 300 pieces, 157 lines, attack 119 (155 ms/piece) — 2164/3000 games, 59.6 positions/s overall
game 5164: 300 pieces, 158 lines, attack 134 (146 ms/piece) — 2165/3000 games, 59.6 positions/s overall
game 5165: 300 pieces, 151 lines, attack 130 (169 ms/piece) — 2166/3000 games, 59.6 positions/s overall
game 5166: 300 pieces, 150 lines, attack 132 (173 ms/piece) — 2167/3000 games, 59.6 positions/s overall
